2026-04-09 13:07:48.492: [INFO][Sync] Reset engine, reason: 8
2026-04-09 13:07:48.492: [INFO][Sync] Stopped: Bookmarks
2026-04-09 13:07:48.492: [INFO][Sync] Stopped: Preferences
2026-04-09 13:07:48.492: [INFO][Sync] Stopped: Passwords
2026-04-09 13:07:48.492: [INFO][Sync] Stopped: Autofill Profiles
2026-04-09 13:07:48.492: [INFO][Sync] Stopped: Autofill
2026-04-09 13:07:48.492: [INFO][Sync] Stopped: Extensions
2026-04-09 13:07:48.492: [INFO][Sync] Stopped: Sessions
2026-04-09 13:07:48.492: [INFO][Sync] Stopped: Extension settings
2026-04-09 13:07:48.492: [INFO][Sync] Stopped: History Delete Directives
2026-04-09 13:07:48.492: [INFO][Sync] Stopped: Device Info
2026-04-09 13:07:48.492: [INFO][Sync] Stopped: User Consents
2026-04-09 13:07:48.492: [INFO][Sync] Stopped: Send Tab To Self
2026-04-09 13:07:48.492: [INFO][Sync] Stopped: Web Apps
2026-04-09 13:07:48.492: [INFO][Sync] Stopped: History
2026-04-09 13:07:48.492: [INFO][Sync] Stopped: Saved Tab Group
2026-04-09 13:07:48.492: [INFO][Sync] Stopped: WebAuthn Credentials
2026-04-09 13:07:48.492: [INFO][Sync] Stopped: Collection
2026-04-09 13:07:48.492: [INFO][Sync] Stopped: Edge E Drop
2026-04-09 13:07:48.492: [INFO][Sync] Stopped: Edge Hub App Usage
2026-04-09 13:07:48.493: [INFO][Sync] Stopped: Edge Wallet
2026-04-09 13:07:48.493: [INFO][Sync] Stopped: Edge Workspace
2026-04-09 13:07:48.493: [INFO][Sync] SyncState after authenticated was: NotSignedIn
2026-04-09 13:07:48.769: [INFO][Sync] Reset engine, reason: 8
2026-04-09 13:07:48.769: [INFO][Sync] Stopped: Bookmarks
2026-04-09 13:07:48.769: [INFO][Sync] Stopped: Preferences
2026-04-09 13:07:48.769: [INFO][Sync] Stopped: Passwords
2026-04-09 13:07:48.769: [INFO][Sync] Stopped: Autofill Profiles
2026-04-09 13:07:48.769: [INFO][Sync] Stopped: Autofill
2026-04-09 13:07:48.769: [INFO][Sync] Stopped: Extensions
2026-04-09 13:07:48.769: [INFO][Sync] Stopped: Sessions
2026-04-09 13:07:48.769: [INFO][Sync] Stopped: Extension settings
2026-04-09 13:07:48.769: [INFO][Sync] Stopped: History Delete Directives
2026-04-09 13:07:48.769: [INFO][Sync] Stopped: Device Info
2026-04-09 13:07:48.769: [INFO][Sync] Stopped: User Consents
2026-04-09 13:07:48.769: [INFO][Sync] Stopped: Send Tab To Self
2026-04-09 13:07:48.769: [INFO][Sync] Stopped: Web Apps
2026-04-09 13:07:48.769: [INFO][Sync] Stopped: History
2026-04-09 13:07:48.769: [INFO][Sync] Stopped: Saved Tab Group
2026-04-09 13:07:48.769: [INFO][Sync] Stopped: WebAuthn Credentials
2026-04-09 13:07:48.769: [INFO][Sync] Stopped: Collection
2026-04-09 13:07:48.769: [INFO][Sync] Stopped: Edge E Drop
2026-04-09 13:07:48.769: [INFO][Sync] Stopped: Edge Hub App Usage
2026-04-09 13:07:48.769: [INFO][Sync] Stopped: Edge Wallet
2026-04-09 13:07:48.769: [INFO][Sync] Stopped: Edge Workspace
2026-04-09 13:07:51.311: [INFO][Sync] Try to start sync engine
2026-04-09 13:07:51.313: [INFO][SyncManagerImpl::NudgeForInitialDownload] Initial download nudge for Encryption Keys
2026-04-09 13:07:51.313: [INFO][SyncEngineBackend::LoadAndConnectNigoriController] Load and connect Nigori controller
2026-04-09 13:07:51.313: [INFO][SyncEngineBackend::DoInitialize] Control Types added: Encryption Keys
2026-04-09 13:07:51.313: [INFO][SyncManagerImpl::ConfigureSyncer] Types to download: Encryption Keys with reason: 3
2026-04-09 13:07:51.313: [INFO][SyncSchedulerImpl::DoConfigurationSyncCycleJob] Configure job was blocked
2026-04-09 13:07:52.058: [INFO][SyncAuthManager::SetLastAuthError] Current auth error: None
2026-04-09 13:07:52.058: [INFO][SyncAuthManager::EdgeLogTokenErrorState] Token error with: None for account type: MSA
2026-04-09 13:07:52.058: [INFO][Sync] Credentials changed for: EdgeSyncKeyDataScope
2026-04-09 13:07:52.058: [INFO][SyncEngineBackend::DoUpdateKeyDataCredentials] Update key data credentials
2026-04-09 13:07:52.128: [INFO][SyncAuthManager::SetLastAuthError] Current auth error: None
2026-04-09 13:07:52.128: [INFO][SyncAuthManager::EdgeLogTokenErrorState] Token error with: None for account type: MSA
2026-04-09 13:07:52.128: [INFO][Sync] Credentials changed for: EdgeSyncScopeNew
2026-04-09 13:07:52.128: [INFO][SyncEngineBackend::DoUpdateCredentials] Update credentials
2026-04-09 13:07:52.128: [INFO][SyncEngineBackend::DoUpdateKeyDataCredentials] Update key data credentials
2026-04-09 13:07:52.128: [INFO][SyncSchedulerImpl::DoConfigurationSyncCycleJob] Blocked types:  and types to download: Encryption Keys
2026-04-09 13:07:52.602: [INFO][Sync] Started DataTypeManager configuration, reason: 4
2026-04-09 13:07:52.602: [INFO][Sync] Configuring for: Bookmarks, Preferences, Passwords, Autofill Profiles, Autofill, Extensions, Sessions, Extension settings, History Delete Directives, Device Info, User Consents, Send Tab To Self, Web Apps, History, Saved Tab Group, WebAuthn Credentials, Collection, Edge E Drop, Edge Hub App Usage, Edge Wallet, Edge Workspace, Encryption Keys, reason: 3, current state: 0
2026-04-09 13:07:52.602: [WARN][Sync] Crypto error data types: Passwords, Autofill Profiles, Autofill
2026-04-09 13:07:52.604: [INFO][Sync] Configure, desired: Bookmarks, Preferences, Extensions, Sessions, Extension settings, History Delete Directives, Device Info, User Consents, Send Tab To Self, Web Apps, History, Saved Tab Group, WebAuthn Credentials, Collection, Edge E Drop, Edge Hub App Usage, Edge Wallet, Edge Workspace, Encryption Keys; Allow fail: Passwords, Autofill Profiles, Autofill
2026-04-09 13:07:52.604: [INFO][Sync] Loading: Bookmarks
2026-04-09 13:07:52.604: [INFO][Sync] Loading: Preferences
2026-04-09 13:07:52.604: [INFO][Sync] Loading: Extensions
2026-04-09 13:07:52.604: [INFO][Sync] Loading: Sessions
2026-04-09 13:07:52.604: [INFO][Sync] Loading: Extension settings
2026-04-09 13:07:52.604: [INFO][Sync] Loading: History Delete Directives
2026-04-09 13:07:52.604: [INFO][Sync] Loading: Device Info
2026-04-09 13:07:52.604: [INFO][Sync] Loading: User Consents
2026-04-09 13:07:52.604: [INFO][Sync] Loading: Send Tab To Self
2026-04-09 13:07:52.604: [INFO][Sync] Loading: Web Apps
2026-04-09 13:07:52.604: [INFO][Sync] Loading: History
2026-04-09 13:07:52.604: [INFO][Sync] Loading: Saved Tab Group
2026-04-09 13:07:52.604: [INFO][Sync] Loading: WebAuthn Credentials
2026-04-09 13:07:52.604: [INFO][Sync] Loading: Collection
2026-04-09 13:07:52.604: [INFO][Sync] Loading: Edge E Drop
2026-04-09 13:07:52.604: [INFO][Sync] Loading: Edge Hub App Usage
2026-04-09 13:07:52.604: [INFO][Sync] Loading: Edge Wallet
2026-04-09 13:07:52.604: [INFO][Sync] Loading: Edge Workspace
2026-04-09 13:07:52.611: [INFO][Sync] All data types are ready for configure.
2026-04-09 13:07:53.931: [INFO][Sync] Started DataTypeManager configuration, reason: 5
2026-04-09 13:07:53.931: [INFO][Sync] Configuring for: Bookmarks, Preferences, Passwords, Autofill Profiles, Autofill, Extensions, Sessions, Extension settings, History Delete Directives, Device Info, User Consents, Send Tab To Self, Web Apps, History, Saved Tab Group, WebAuthn Credentials, Collection, Edge E Drop, Edge Hub App Usage, Edge Wallet, Edge Workspace, Encryption Keys, reason: 5, current state: 1
2026-04-09 13:07:53.932: [INFO][SyncEngineBackend::DoStartConfiguration] Start configuration
2026-04-09 13:07:53.932: [INFO][SyncManagerImpl::NudgeForInitialDownload] Initial download nudge for Bookmarks
2026-04-09 13:07:53.932: [INFO][SyncManagerImpl::NudgeForInitialDownload] Initial download nudge for Preferences
2026-04-09 13:07:53.932: [INFO][SyncManagerImpl::NudgeForInitialDownload] Initial download nudge for Extensions
2026-04-09 13:07:53.932: [INFO][SyncManagerImpl::NudgeForInitialDownload] Initial download nudge for Sessions
2026-04-09 13:07:53.932: [INFO][SyncManagerImpl::NudgeForInitialDownload] Initial download nudge for Extension settings
2026-04-09 13:07:53.932: [INFO][SyncManagerImpl::NudgeForInitialDownload] Initial download nudge for History Delete Directives
2026-04-09 13:07:53.932: [INFO][SyncManagerImpl::NudgeForInitialDownload] Initial download nudge for Device Info
2026-04-09 13:07:53.932: [INFO][SyncManagerImpl::NudgeForInitialDownload] Initial download nudge for Send Tab To Self
2026-04-09 13:07:53.932: [INFO][SyncManagerImpl::NudgeForInitialDownload] Initial download nudge for Web Apps
2026-04-09 13:07:53.932: [INFO][SyncManagerImpl::NudgeForInitialDownload] Initial download nudge for History
2026-04-09 13:07:53.932: [INFO][SyncManagerImpl::NudgeForInitialDownload] Initial download nudge for Saved Tab Group
2026-04-09 13:07:53.932: [INFO][SyncManagerImpl::NudgeForInitialDownload] Initial download nudge for WebAuthn Credentials
2026-04-09 13:07:53.932: [INFO][SyncManagerImpl::NudgeForInitialDownload] Initial download nudge for Collection
2026-04-09 13:07:53.932: [INFO][SyncManagerImpl::NudgeForInitialDownload] Initial download nudge for Edge E Drop
2026-04-09 13:07:53.932: [INFO][SyncManagerImpl::NudgeForInitialDownload] Initial download nudge for Edge Hub App Usage
2026-04-09 13:07:53.932: [INFO][SyncManagerImpl::NudgeForInitialDownload] Initial download nudge for Edge Wallet
2026-04-09 13:07:53.932: [INFO][SyncManagerImpl::NudgeForInitialDownload] Initial download nudge for Edge Workspace
2026-04-09 13:07:53.932: [INFO][SyncManagerImpl::ConfigureSyncer] Types to download:  with reason: 3
2026-04-09 13:07:53.932: [INFO][SyncEngineBackend::DoFinishConfigureDataTypes] Failed to download types:  and succeeded types: 
2026-04-09 13:07:53.934: [INFO][Sync] ConfigurationDone, failed: , succeeded: , remaining count: 4
2026-04-09 13:07:53.934: [WARN][Sync]     Reconfigure requested while configuration ongoing.
2026-04-09 13:07:53.934: [INFO][Sync] Configuring for: Bookmarks, Preferences, Passwords, Autofill Profiles, Autofill, Extensions, Sessions, Extension settings, History Delete Directives, Device Info, User Consents, Send Tab To Self, Web Apps, History, Saved Tab Group, WebAuthn Credentials, Collection, Edge E Drop, Edge Hub App Usage, Edge Wallet, Edge Workspace, Encryption Keys, reason: 5, current state: 2
2026-04-09 13:07:53.934: [INFO][Sync] Configure, desired: Bookmarks, Preferences, Passwords, Autofill Profiles, Autofill, Extensions, Sessions, Extension settings, History Delete Directives, Device Info, User Consents, Send Tab To Self, Web Apps, History, Saved Tab Group, WebAuthn Credentials, Collection, Edge E Drop, Edge Hub App Usage, Edge Wallet, Edge Workspace, Encryption Keys; Allow fail: 
2026-04-09 13:07:53.934: [INFO][Sync] Loading: Passwords
2026-04-09 13:07:53.934: [INFO][Sync] Loading: Autofill Profiles
2026-04-09 13:07:53.934: [INFO][Sync] Loading: Autofill
2026-04-09 13:07:53.934: [INFO][Sync] All data types are ready for configure.
2026-04-09 13:07:53.934: [INFO][SyncManagerImpl::NudgeForInitialDownload] Initial download nudge for Passwords
2026-04-09 13:07:53.934: [INFO][SyncManagerImpl::NudgeForInitialDownload] Initial download nudge for Autofill Profiles
2026-04-09 13:07:53.934: [INFO][SyncManagerImpl::NudgeForInitialDownload] Initial download nudge for Autofill
2026-04-09 13:07:53.934: [INFO][SyncManagerImpl::ConfigureSyncer] Types to download:  with reason: 5
2026-04-09 13:07:53.934: [INFO][SyncEngineBackend::DoFinishConfigureDataTypes] Failed to download types:  and succeeded types: 
2026-04-09 13:07:53.934: [INFO][Sync] ConfigurationDone, failed: , succeeded: , remaining count: 4
2026-04-09 13:07:53.934: [INFO][Sync] Prepare to configure types: Preferences, Passwords, Device Info, Send Tab To Self, Edge E Drop, Encryption Keys
2026-04-09 13:07:53.935: [INFO][SyncManagerImpl::ConfigureSyncer] Types to download: Preferences, Passwords, Device Info, Send Tab To Self, Edge E Drop, Encryption Keys with reason: 5
2026-04-09 13:07:53.935: [INFO][SyncSchedulerImpl::DoConfigurationSyncCycleJob] Blocked types:  and types to download: Preferences, Passwords, Device Info, Send Tab To Self, Edge E Drop, Encryption Keys
2026-04-09 13:07:54.193: [INFO][SyncEngineBackend::DoFinishConfigureDataTypes] Failed to download types:  and succeeded types: Preferences, Passwords, Device Info, Send Tab To Self, Edge E Drop, Encryption Keys
2026-04-09 13:07:54.220: [INFO][Sync] ConfigurationDone, failed: , succeeded: Preferences, Passwords, Device Info, Send Tab To Self, Edge E Drop, Encryption Keys, remaining count: 3
2026-04-09 13:07:54.220: [INFO][Sync] Prepare to configure types: Bookmarks, Encryption Keys
2026-04-09 13:07:54.220: [INFO][SyncManagerImpl::ConfigureSyncer] Types to download: Bookmarks, Encryption Keys with reason: 5
2026-04-09 13:07:54.220: [INFO][SyncSchedulerImpl::DoConfigurationSyncCycleJob] Blocked types:  and types to download: Bookmarks, Encryption Keys
2026-04-09 13:07:54.333: [INFO][SyncEngineBackend::DoFinishConfigureDataTypes] Failed to download types:  and succeeded types: Bookmarks, Encryption Keys
2026-04-09 13:07:54.334: [INFO][Sync] ConfigurationDone, failed: , succeeded: Bookmarks, Encryption Keys, remaining count: 2
2026-04-09 13:07:54.334: [INFO][Sync] Prepare to configure types: Autofill Profiles, Autofill, Extensions, Sessions, Extension settings, History Delete Directives, Web Apps, Saved Tab Group, WebAuthn Credentials, Collection, Edge Hub App Usage, Edge Wallet, Edge Workspace, Encryption Keys
2026-04-09 13:07:54.334: [INFO][SyncManagerImpl::ConfigureSyncer] Types to download: Autofill Profiles, Autofill, Extensions, Sessions, Extension settings, History Delete Directives, Web Apps, Saved Tab Group, WebAuthn Credentials, Collection, Edge Hub App Usage, Edge Wallet, Edge Workspace, Encryption Keys with reason: 5
2026-04-09 13:07:54.334: [INFO][SyncSchedulerImpl::DoConfigurationSyncCycleJob] Blocked types:  and types to download: Autofill Profiles, Autofill, Extensions, Sessions, Extension settings, History Delete Directives, Web Apps, Saved Tab Group, WebAuthn Credentials, Collection, Edge Hub App Usage, Edge Wallet, Edge Workspace, Encryption Keys
2026-04-09 13:07:54.518: [INFO][SyncEngineBackend::DoFinishConfigureDataTypes] Failed to download types:  and succeeded types: Autofill Profiles, Autofill, Extensions, Sessions, Extension settings, History Delete Directives, Web Apps, Saved Tab Group, WebAuthn Credentials, Collection, Edge Hub App Usage, Edge Wallet, Edge Workspace, Encryption Keys
2026-04-09 13:07:54.521: [INFO][Sync] ConfigurationDone, failed: , succeeded: Autofill Profiles, Autofill, Extensions, Sessions, Extension settings, History Delete Directives, Web Apps, Saved Tab Group, WebAuthn Credentials, Collection, Edge Hub App Usage, Edge Wallet, Edge Workspace, Encryption Keys, remaining count: 1
2026-04-09 13:07:54.523: [INFO][Sync] Prepare to configure types: History, Encryption Keys
2026-04-09 13:07:54.524: [INFO][SyncManagerImpl::ConfigureSyncer] Types to download: History, Encryption Keys with reason: 5
2026-04-09 13:07:54.524: [INFO][SyncSchedulerImpl::DoConfigurationSyncCycleJob] Blocked types:  and types to download: History, Encryption Keys
2026-04-09 13:07:54.703: [INFO][SyncEngineBackend::DoFinishConfigureDataTypes] Failed to download types:  and succeeded types: History, Encryption Keys
2026-04-09 13:07:54.707: [INFO][Sync] ConfigurationDone, failed: , succeeded: History, Encryption Keys, remaining count: 0
2026-04-09 13:07:54.710: [INFO][Sync]     Configuration completed, state: 7
2026-04-09 13:07:54.710: [INFO][Sync] Configured DataTypeManager: Ok
2026-04-09 13:07:54.715: [INFO][SyncEngineBackend::DoStartSyncing] Start syncing
2026-04-09 14:10:08.912: [INFO][Sync] Reset engine, reason: 0
2026-04-09 14:10:08.912: [INFO][Sync] Reset engine with reason: 0
2026-04-09 14:10:49.109: [INFO][Sync] SyncState after authenticated was: FeatureCanStart
2026-04-09 14:10:51.132: [INFO][SyncAuthManager::SetLastAuthError] Current auth error: None
2026-04-09 14:10:51.132: [INFO][SyncAuthManager::EdgeLogTokenErrorState] Token error with: None for account type: MSA
2026-04-09 14:10:51.132: [INFO][Sync] Credentials changed for: EdgeSyncKeyDataScope
2026-04-09 14:10:55.340: [INFO][Sync] Try to start sync engine
2026-04-09 14:10:55.359: [INFO][SyncManagerImpl::NudgeForInitialDownload] Initial download nudge for Encryption Keys
2026-04-09 14:10:55.359: [INFO][SyncEngineBackend::LoadAndConnectNigoriController] Load and connect Nigori controller
2026-04-09 14:10:55.359: [INFO][SyncEngineBackend::DoInitialize] Control Types added: Encryption Keys
2026-04-09 14:10:55.359: [INFO][SyncManagerImpl::ConfigureSyncer] Types to download: Encryption Keys with reason: 3
2026-04-09 14:10:55.359: [INFO][SyncEngineBackend::DoUpdateKeyDataCredentials] Update key data credentials
2026-04-09 14:10:55.359: [INFO][SyncSchedulerImpl::DoConfigurationSyncCycleJob] Configure job was blocked
2026-04-09 14:10:55.364: [INFO][SyncAuthManager::SetLastAuthError] Current auth error: None
2026-04-09 14:10:55.364: [INFO][SyncAuthManager::EdgeLogTokenErrorState] Token error with: None for account type: MSA
2026-04-09 14:10:55.364: [INFO][Sync] Credentials changed for: EdgeSyncScopeNew
2026-04-09 14:10:55.364: [INFO][SyncEngineBackend::DoUpdateCredentials] Update credentials
2026-04-09 14:10:55.364: [INFO][SyncEngineBackend::DoUpdateKeyDataCredentials] Update key data credentials
2026-04-09 14:10:55.364: [INFO][SyncSchedulerImpl::DoConfigurationSyncCycleJob] Blocked types:  and types to download: Encryption Keys
2026-04-09 14:10:55.844: [INFO][Sync] Started DataTypeManager configuration, reason: 4
2026-04-09 14:10:55.844: [INFO][Sync] Configuring for: Bookmarks, Preferences, Passwords, Autofill Profiles, Autofill, Extensions, Sessions, Extension settings, History Delete Directives, Device Info, User Consents, Send Tab To Self, Web Apps, History, Saved Tab Group, WebAuthn Credentials, Collection, Edge E Drop, Edge Hub App Usage, Edge Wallet, Edge Workspace, Encryption Keys, reason: 4, current state: 0
2026-04-09 14:10:55.844: [WARN][Sync] Crypto error data types: Passwords, Autofill Profiles, Autofill
2026-04-09 14:10:55.847: [INFO][Sync] Configure, desired: Bookmarks, Preferences, Extensions, Sessions, Extension settings, History Delete Directives, Device Info, User Consents, Send Tab To Self, Web Apps, History, Saved Tab Group, WebAuthn Credentials, Collection, Edge E Drop, Edge Hub App Usage, Edge Wallet, Edge Workspace, Encryption Keys; Allow fail: Passwords, Autofill Profiles, Autofill
2026-04-09 14:10:55.847: [INFO][Sync] Loading: Bookmarks
2026-04-09 14:10:55.847: [INFO][Sync] Loading: Preferences
2026-04-09 14:10:55.847: [INFO][Sync] Loading: Extensions
2026-04-09 14:10:55.847: [INFO][Sync] Loading: Sessions
2026-04-09 14:10:55.847: [INFO][Sync] Loading: Extension settings
2026-04-09 14:10:55.847: [INFO][Sync] Loading: History Delete Directives
2026-04-09 14:10:55.847: [INFO][Sync] Loading: Device Info
2026-04-09 14:10:55.847: [INFO][Sync] Loading: User Consents
2026-04-09 14:10:55.847: [INFO][Sync] Loading: Send Tab To Self
2026-04-09 14:10:55.847: [INFO][Sync] Loading: Web Apps
2026-04-09 14:10:55.847: [INFO][Sync] Loading: History
2026-04-09 14:10:55.847: [INFO][Sync] Loading: Saved Tab Group
2026-04-09 14:10:55.847: [INFO][Sync] Loading: WebAuthn Credentials
2026-04-09 14:10:55.847: [INFO][Sync] Loading: Collection
2026-04-09 14:10:55.847: [INFO][Sync] Loading: Edge E Drop
2026-04-09 14:10:55.847: [INFO][Sync] Loading: Edge Hub App Usage
2026-04-09 14:10:55.847: [INFO][Sync] Loading: Edge Wallet
2026-04-09 14:10:55.847: [INFO][Sync] Loading: Edge Workspace
2026-04-09 14:10:55.853: [INFO][Sync] All data types are ready for configure.
2026-04-09 14:10:57.386: [INFO][Sync] Started DataTypeManager configuration, reason: 5
2026-04-09 14:10:57.386: [INFO][Sync] Configuring for: Bookmarks, Preferences, Passwords, Autofill Profiles, Autofill, Extensions, Sessions, Extension settings, History Delete Directives, Device Info, User Consents, Send Tab To Self, Web Apps, History, Saved Tab Group, WebAuthn Credentials, Collection, Edge E Drop, Edge Hub App Usage, Edge Wallet, Edge Workspace, Encryption Keys, reason: 5, current state: 1
2026-04-09 14:10:57.387: [INFO][SyncEngineBackend::DoStartConfiguration] Start configuration
2026-04-09 14:10:57.387: [INFO][SyncManagerImpl::ConfigureSyncer] Types to download:  with reason: 4
2026-04-09 14:10:57.387: [INFO][SyncEngineBackend::DoFinishConfigureDataTypes] Failed to download types:  and succeeded types: 
2026-04-09 14:10:57.388: [INFO][Sync] ConfigurationDone, failed: , succeeded: , remaining count: 4
2026-04-09 14:10:57.388: [WARN][Sync]     Reconfigure requested while configuration ongoing.
2026-04-09 14:10:57.388: [INFO][Sync] Configuring for: Bookmarks, Preferences, Passwords, Autofill Profiles, Autofill, Extensions, Sessions, Extension settings, History Delete Directives, Device Info, User Consents, Send Tab To Self, Web Apps, History, Saved Tab Group, WebAuthn Credentials, Collection, Edge E Drop, Edge Hub App Usage, Edge Wallet, Edge Workspace, Encryption Keys, reason: 5, current state: 2
2026-04-09 14:10:57.388: [INFO][Sync] Configure, desired: Bookmarks, Preferences, Passwords, Autofill Profiles, Autofill, Extensions, Sessions, Extension settings, History Delete Directives, Device Info, User Consents, Send Tab To Self, Web Apps, History, Saved Tab Group, WebAuthn Credentials, Collection, Edge E Drop, Edge Hub App Usage, Edge Wallet, Edge Workspace, Encryption Keys; Allow fail: 
2026-04-09 14:10:57.388: [INFO][Sync] Loading: Passwords
2026-04-09 14:10:57.388: [INFO][Sync] Loading: Autofill Profiles
2026-04-09 14:10:57.388: [INFO][Sync] Loading: Autofill
2026-04-09 14:10:57.389: [INFO][Sync] All data types are ready for configure.
2026-04-09 14:10:57.389: [INFO][SyncManagerImpl::NudgeForInitialDownload] Initial download nudge for Passwords
2026-04-09 14:10:57.389: [INFO][SyncManagerImpl::ConfigureSyncer] Types to download:  with reason: 5
2026-04-09 14:10:57.389: [INFO][SyncEngineBackend::DoFinishConfigureDataTypes] Failed to download types:  and succeeded types: 
2026-04-09 14:10:57.389: [INFO][Sync] ConfigurationDone, failed: , succeeded: , remaining count: 4
2026-04-09 14:10:57.389: [INFO][Sync] Prepare to configure types: Passwords, Encryption Keys
2026-04-09 14:10:57.389: [INFO][SyncManagerImpl::ConfigureSyncer] Types to download: Passwords, Encryption Keys with reason: 5
2026-04-09 14:10:57.389: [INFO][SyncSchedulerImpl::DoConfigurationSyncCycleJob] Blocked types:  and types to download: Passwords, Encryption Keys
2026-04-09 14:10:57.590: [INFO][SyncEngineBackend::DoFinishConfigureDataTypes] Failed to download types:  and succeeded types: Passwords, Encryption Keys
2026-04-09 14:10:57.592: [INFO][Sync] ConfigurationDone, failed: , succeeded: Passwords, Encryption Keys, remaining count: 3
2026-04-09 14:10:57.592: [INFO][SyncManagerImpl::ConfigureSyncer] Types to download:  with reason: 5
2026-04-09 14:10:57.592: [INFO][SyncEngineBackend::DoFinishConfigureDataTypes] Failed to download types:  and succeeded types: 
2026-04-09 14:10:57.592: [INFO][Sync] ConfigurationDone, failed: , succeeded: , remaining count: 2
2026-04-09 14:10:57.592: [INFO][SyncManagerImpl::ConfigureSyncer] Types to download:  with reason: 5
2026-04-09 14:10:57.592: [INFO][SyncEngineBackend::DoFinishConfigureDataTypes] Failed to download types:  and succeeded types: 
2026-04-09 14:10:57.595: [INFO][Sync] ConfigurationDone, failed: , succeeded: , remaining count: 1
2026-04-09 14:10:57.597: [INFO][SyncManagerImpl::ConfigureSyncer] Types to download:  with reason: 5
2026-04-09 14:10:57.597: [INFO][SyncEngineBackend::DoFinishConfigureDataTypes] Failed to download types:  and succeeded types: 
2026-04-09 14:10:57.597: [INFO][Sync] ConfigurationDone, failed: , succeeded: , remaining count: 0
2026-04-09 14:10:57.599: [INFO][Sync]     Configuration completed, state: 7
2026-04-09 14:10:57.599: [INFO][Sync] Configured DataTypeManager: Ok
2026-04-09 14:10:57.601: [INFO][SyncEngineBackend::DoStartSyncing] Start syncing
2026-04-09 14:13:16.543: [INFO][Sync] Reset engine, reason: 0
2026-04-09 14:13:16.543: [INFO][Sync] Reset engine with reason: 0
2026-04-09 14:13:47.922: [INFO][Sync] Reset engine, reason: 8
2026-04-09 14:13:47.922: [INFO][Sync] Stopped: Bookmarks
2026-04-09 14:13:47.922: [INFO][Sync] Stopped: Preferences
2026-04-09 14:13:47.922: [INFO][Sync] Stopped: Passwords
2026-04-09 14:13:47.922: [INFO][Sync] Stopped: Autofill Profiles
2026-04-09 14:13:47.922: [INFO][Sync] Stopped: Autofill
2026-04-09 14:13:47.922: [INFO][Sync] Stopped: Extensions
2026-04-09 14:13:47.922: [INFO][Sync] Stopped: Sessions
2026-04-09 14:13:47.922: [INFO][Sync] Stopped: Extension settings
2026-04-09 14:13:47.922: [INFO][Sync] Stopped: History Delete Directives
2026-04-09 14:13:47.922: [INFO][Sync] Stopped: Device Info
2026-04-09 14:13:47.922: [INFO][Sync] Stopped: User Consents
2026-04-09 14:13:47.922: [INFO][Sync] Stopped: Send Tab To Self
2026-04-09 14:13:47.922: [INFO][Sync] Stopped: Web Apps
2026-04-09 14:13:47.922: [INFO][Sync] Stopped: History
2026-04-09 14:13:47.922: [INFO][Sync] Stopped: Saved Tab Group
2026-04-09 14:13:47.922: [INFO][Sync] Stopped: WebAuthn Credentials
2026-04-09 14:13:47.922: [INFO][Sync] Stopped: Collection
2026-04-09 14:13:47.922: [INFO][Sync] Stopped: Edge E Drop
2026-04-09 14:13:47.922: [INFO][Sync] Stopped: Edge Hub App Usage
2026-04-09 14:13:47.922: [INFO][Sync] Stopped: Edge Wallet
2026-04-09 14:13:47.922: [INFO][Sync] Stopped: Edge Workspace
2026-04-09 14:13:47.922: [INFO][Sync] SyncState after authenticated was: NotSignedIn
2026-04-09 14:13:48.078: [INFO][Sync] Reset engine, reason: 8
2026-04-09 14:13:48.078: [INFO][Sync] Stopped: Bookmarks
2026-04-09 14:13:48.078: [INFO][Sync] Stopped: Preferences
2026-04-09 14:13:48.078: [INFO][Sync] Stopped: Passwords
2026-04-09 14:13:48.078: [INFO][Sync] Stopped: Autofill Profiles
2026-04-09 14:13:48.078: [INFO][Sync] Stopped: Autofill
2026-04-09 14:13:48.078: [INFO][Sync] Stopped: Extensions
2026-04-09 14:13:48.078: [INFO][Sync] Stopped: Sessions
2026-04-09 14:13:48.078: [INFO][Sync] Stopped: Extension settings
2026-04-09 14:13:48.078: [INFO][Sync] Stopped: History Delete Directives
2026-04-09 14:13:48.078: [INFO][Sync] Stopped: Device Info
2026-04-09 14:13:48.078: [INFO][Sync] Stopped: User Consents
2026-04-09 14:13:48.078: [INFO][Sync] Stopped: Send Tab To Self
2026-04-09 14:13:48.078: [INFO][Sync] Stopped: Web Apps
2026-04-09 14:13:48.078: [INFO][Sync] Stopped: History
2026-04-09 14:13:48.078: [INFO][Sync] Stopped: Saved Tab Group
2026-04-09 14:13:48.078: [INFO][Sync] Stopped: WebAuthn Credentials
2026-04-09 14:13:48.078: [INFO][Sync] Stopped: Collection
2026-04-09 14:13:48.078: [INFO][Sync] Stopped: Edge E Drop
2026-04-09 14:13:48.078: [INFO][Sync] Stopped: Edge Hub App Usage
2026-04-09 14:13:48.078: [INFO][Sync] Stopped: Edge Wallet
2026-04-09 14:13:48.078: [INFO][Sync] Stopped: Edge Workspace
2026-04-09 14:13:48.709: [INFO][Sync] Try to start sync engine
2026-04-09 14:13:48.710: [INFO][SyncManagerImpl::NudgeForInitialDownload] Initial download nudge for Encryption Keys
2026-04-09 14:13:48.710: [INFO][SyncEngineBackend::LoadAndConnectNigoriController] Load and connect Nigori controller
2026-04-09 14:13:48.710: [INFO][SyncEngineBackend::DoInitialize] Control Types added: Encryption Keys
2026-04-09 14:13:48.710: [INFO][SyncManagerImpl::ConfigureSyncer] Types to download: Encryption Keys with reason: 3
2026-04-09 14:13:48.710: [INFO][SyncSchedulerImpl::DoConfigurationSyncCycleJob] Configure job was blocked
2026-04-09 14:13:48.733: [INFO][SyncAuthManager::SetLastAuthError] Current auth error: None
2026-04-09 14:13:48.733: [INFO][SyncAuthManager::EdgeLogTokenErrorState] Token error with: None for account type: MSA
2026-04-09 14:13:48.733: [INFO][Sync] Credentials changed for: EdgeSyncScopeNew
2026-04-09 14:13:48.756: [INFO][SyncAuthManager::SetLastAuthError] Current auth error: None
2026-04-09 14:13:48.756: [INFO][SyncAuthManager::EdgeLogTokenErrorState] Token error with: None for account type: MSA
2026-04-09 14:13:48.756: [INFO][Sync] Credentials changed for: EdgeSyncKeyDataScope
2026-04-09 14:13:48.756: [INFO][SyncEngineBackend::DoUpdateKeyDataCredentials] Update key data credentials
2026-04-09 14:13:48.756: [INFO][SyncEngineBackend::DoUpdateCredentials] Update credentials
2026-04-09 14:13:48.756: [INFO][SyncSchedulerImpl::DoConfigurationSyncCycleJob] Blocked types:  and types to download: Encryption Keys
2026-04-09 14:13:49.109: [INFO][Sync] Started DataTypeManager configuration, reason: 4
2026-04-09 14:13:49.109: [INFO][Sync] Configuring for: Bookmarks, Preferences, Passwords, Autofill Profiles, Autofill, Extensions, Sessions, Extension settings, History Delete Directives, Device Info, User Consents, Send Tab To Self, Web Apps, History, Saved Tab Group, WebAuthn Credentials, Collection, Edge E Drop, Edge Hub App Usage, Edge Wallet, Edge Workspace, Encryption Keys, reason: 4, current state: 0
2026-04-09 14:13:49.109: [WARN][Sync] Crypto error data types: Passwords, Autofill Profiles, Autofill
2026-04-09 14:13:49.112: [INFO][Sync] Configure, desired: Bookmarks, Preferences, Extensions, Sessions, Extension settings, History Delete Directives, Device Info, User Consents, Send Tab To Self, Web Apps, History, Saved Tab Group, WebAuthn Credentials, Collection, Edge E Drop, Edge Hub App Usage, Edge Wallet, Edge Workspace, Encryption Keys; Allow fail: Passwords, Autofill Profiles, Autofill
2026-04-09 14:13:49.112: [INFO][Sync] Loading: Bookmarks
2026-04-09 14:13:49.112: [INFO][Sync] Loading: Preferences
2026-04-09 14:13:49.112: [INFO][Sync] Loading: Extensions
2026-04-09 14:13:49.112: [INFO][Sync] Loading: Sessions
2026-04-09 14:13:49.112: [INFO][Sync] Loading: Extension settings
2026-04-09 14:13:49.112: [INFO][Sync] Loading: History Delete Directives
2026-04-09 14:13:49.112: [INFO][Sync] Loading: Device Info
2026-04-09 14:13:49.112: [INFO][Sync] Loading: User Consents
2026-04-09 14:13:49.112: [INFO][Sync] Loading: Send Tab To Self
2026-04-09 14:13:49.112: [INFO][Sync] Loading: Web Apps
2026-04-09 14:13:49.112: [INFO][Sync] Loading: History
2026-04-09 14:13:49.112: [INFO][Sync] Loading: Saved Tab Group
2026-04-09 14:13:49.112: [INFO][Sync] Loading: WebAuthn Credentials
2026-04-09 14:13:49.112: [INFO][Sync] Loading: Collection
2026-04-09 14:13:49.112: [INFO][Sync] Loading: Edge E Drop
2026-04-09 14:13:49.112: [INFO][Sync] Loading: Edge Hub App Usage
2026-04-09 14:13:49.112: [INFO][Sync] Loading: Edge Wallet
2026-04-09 14:13:49.112: [INFO][Sync] Loading: Edge Workspace
2026-04-09 14:13:49.125: [INFO][Sync] All data types are ready for configure.
2026-04-09 14:13:49.532: [INFO][Sync] Started DataTypeManager configuration, reason: 5
2026-04-09 14:13:49.532: [INFO][Sync] Configuring for: Bookmarks, Preferences, Passwords, Autofill Profiles, Autofill, Extensions, Sessions, Extension settings, History Delete Directives, Device Info, User Consents, Send Tab To Self, Web Apps, History, Saved Tab Group, WebAuthn Credentials, Collection, Edge E Drop, Edge Hub App Usage, Edge Wallet, Edge Workspace, Encryption Keys, reason: 5, current state: 1
2026-04-09 14:13:49.534: [INFO][SyncEngineBackend::DoStartConfiguration] Start configuration
2026-04-09 14:13:49.534: [INFO][SyncManagerImpl::NudgeForInitialDownload] Initial download nudge for Bookmarks
2026-04-09 14:13:49.534: [INFO][SyncManagerImpl::NudgeForInitialDownload] Initial download nudge for Preferences
2026-04-09 14:13:49.534: [INFO][SyncManagerImpl::NudgeForInitialDownload] Initial download nudge for Extensions
2026-04-09 14:13:49.534: [INFO][SyncManagerImpl::NudgeForInitialDownload] Initial download nudge for Sessions
2026-04-09 14:13:49.534: [INFO][SyncManagerImpl::NudgeForInitialDownload] Initial download nudge for Extension settings
2026-04-09 14:13:49.534: [INFO][SyncManagerImpl::NudgeForInitialDownload] Initial download nudge for History Delete Directives
2026-04-09 14:13:49.534: [INFO][SyncManagerImpl::NudgeForInitialDownload] Initial download nudge for Device Info
2026-04-09 14:13:49.534: [INFO][SyncManagerImpl::NudgeForInitialDownload] Initial download nudge for Send Tab To Self
2026-04-09 14:13:49.534: [INFO][SyncManagerImpl::NudgeForInitialDownload] Initial download nudge for Web Apps
2026-04-09 14:13:49.534: [INFO][SyncManagerImpl::NudgeForInitialDownload] Initial download nudge for History
2026-04-09 14:13:49.534: [INFO][SyncManagerImpl::NudgeForInitialDownload] Initial download nudge for Saved Tab Group
2026-04-09 14:13:49.534: [INFO][SyncManagerImpl::NudgeForInitialDownload] Initial download nudge for WebAuthn Credentials
2026-04-09 14:13:49.534: [INFO][SyncManagerImpl::NudgeForInitialDownload] Initial download nudge for Collection
2026-04-09 14:13:49.534: [INFO][SyncManagerImpl::NudgeForInitialDownload] Initial download nudge for Edge E Drop
2026-04-09 14:13:49.534: [INFO][SyncManagerImpl::NudgeForInitialDownload] Initial download nudge for Edge Hub App Usage
2026-04-09 14:13:49.534: [INFO][SyncManagerImpl::NudgeForInitialDownload] Initial download nudge for Edge Wallet
2026-04-09 14:13:49.534: [INFO][SyncManagerImpl::NudgeForInitialDownload] Initial download nudge for Edge Workspace
2026-04-09 14:13:49.534: [INFO][SyncManagerImpl::ConfigureSyncer] Types to download:  with reason: 4
2026-04-09 14:13:49.534: [INFO][SyncEngineBackend::DoFinishConfigureDataTypes] Failed to download types:  and succeeded types: 
2026-04-09 14:13:49.534: [INFO][Sync] ConfigurationDone, failed: , succeeded: , remaining count: 4
2026-04-09 14:13:49.534: [WARN][Sync]     Reconfigure requested while configuration ongoing.
2026-04-09 14:13:49.534: [INFO][Sync] Configuring for: Bookmarks, Preferences, Passwords, Autofill Profiles, Autofill, Extensions, Sessions, Extension settings, History Delete Directives, Device Info, User Consents, Send Tab To Self, Web Apps, History, Saved Tab Group, WebAuthn Credentials, Collection, Edge E Drop, Edge Hub App Usage, Edge Wallet, Edge Workspace, Encryption Keys, reason: 5, current state: 2
2026-04-09 14:13:49.534: [INFO][Sync] Configure, desired: Bookmarks, Preferences, Passwords, Autofill Profiles, Autofill, Extensions, Sessions, Extension settings, History Delete Directives, Device Info, User Consents, Send Tab To Self, Web Apps, History, Saved Tab Group, WebAuthn Credentials, Collection, Edge E Drop, Edge Hub App Usage, Edge Wallet, Edge Workspace, Encryption Keys; Allow fail: 
2026-04-09 14:13:49.534: [INFO][Sync] Loading: Passwords
2026-04-09 14:13:49.534: [INFO][Sync] Loading: Autofill Profiles
2026-04-09 14:13:49.534: [INFO][Sync] Loading: Autofill
2026-04-09 14:13:49.535: [INFO][Sync] All data types are ready for configure.
2026-04-09 14:13:49.535: [INFO][SyncManagerImpl::NudgeForInitialDownload] Initial download nudge for Passwords
2026-04-09 14:13:49.535: [INFO][SyncManagerImpl::NudgeForInitialDownload] Initial download nudge for Autofill Profiles
2026-04-09 14:13:49.535: [INFO][SyncManagerImpl::NudgeForInitialDownload] Initial download nudge for Autofill
2026-04-09 14:13:49.535: [INFO][SyncManagerImpl::ConfigureSyncer] Types to download:  with reason: 5
2026-04-09 14:13:49.535: [INFO][SyncEngineBackend::DoFinishConfigureDataTypes] Failed to download types:  and succeeded types: 
2026-04-09 14:13:49.535: [INFO][Sync] ConfigurationDone, failed: , succeeded: , remaining count: 4
2026-04-09 14:13:49.535: [INFO][Sync] Prepare to configure types: Preferences, Passwords, Device Info, Send Tab To Self, Edge E Drop, Encryption Keys
2026-04-09 14:13:49.535: [INFO][SyncManagerImpl::ConfigureSyncer] Types to download: Preferences, Passwords, Device Info, Send Tab To Self, Edge E Drop, Encryption Keys with reason: 5
2026-04-09 14:13:49.535: [INFO][SyncSchedulerImpl::DoConfigurationSyncCycleJob] Blocked types:  and types to download: Preferences, Passwords, Device Info, Send Tab To Self, Edge E Drop, Encryption Keys
2026-04-09 14:13:49.849: [INFO][SyncEngineBackend::DoFinishConfigureDataTypes] Failed to download types:  and succeeded types: Preferences, Passwords, Device Info, Send Tab To Self, Edge E Drop, Encryption Keys
2026-04-09 14:13:49.851: [INFO][Sync] ConfigurationDone, failed: , succeeded: Preferences, Passwords, Device Info, Send Tab To Self, Edge E Drop, Encryption Keys, remaining count: 3
2026-04-09 14:13:49.851: [INFO][Sync] Prepare to configure types: Bookmarks, Encryption Keys
2026-04-09 14:13:49.851: [INFO][SyncManagerImpl::ConfigureSyncer] Types to download: Bookmarks, Encryption Keys with reason: 5
2026-04-09 14:13:49.851: [INFO][SyncSchedulerImpl::DoConfigurationSyncCycleJob] Blocked types:  and types to download: Bookmarks, Encryption Keys
2026-04-09 14:13:50.043: [INFO][SyncEngineBackend::DoFinishConfigureDataTypes] Failed to download types:  and succeeded types: Bookmarks, Encryption Keys
2026-04-09 14:13:50.045: [INFO][Sync] ConfigurationDone, failed: , succeeded: Bookmarks, Encryption Keys, remaining count: 2
2026-04-09 14:13:50.045: [INFO][Sync] Prepare to configure types: Autofill Profiles, Autofill, Extensions, Sessions, Extension settings, History Delete Directives, Web Apps, Saved Tab Group, WebAuthn Credentials, Collection, Edge Hub App Usage, Edge Wallet, Edge Workspace, Encryption Keys
2026-04-09 14:13:50.045: [INFO][SyncManagerImpl::ConfigureSyncer] Types to download: Autofill Profiles, Autofill, Extensions, Sessions, Extension settings, History Delete Directives, Web Apps, Saved Tab Group, WebAuthn Credentials, Collection, Edge Hub App Usage, Edge Wallet, Edge Workspace, Encryption Keys with reason: 5
2026-04-09 14:13:50.045: [INFO][SyncSchedulerImpl::DoConfigurationSyncCycleJob] Blocked types:  and types to download: Autofill Profiles, Autofill, Extensions, Sessions, Extension settings, History Delete Directives, Web Apps, Saved Tab Group, WebAuthn Credentials, Collection, Edge Hub App Usage, Edge Wallet, Edge Workspace, Encryption Keys
2026-04-09 14:13:50.335: [INFO][SyncEngineBackend::DoFinishConfigureDataTypes] Failed to download types:  and succeeded types: Autofill Profiles, Autofill, Extensions, Sessions, Extension settings, History Delete Directives, Web Apps, Saved Tab Group, WebAuthn Credentials, Collection, Edge Hub App Usage, Edge Wallet, Edge Workspace, Encryption Keys
2026-04-09 14:13:50.338: [INFO][Sync] ConfigurationDone, failed: , succeeded: Autofill Profiles, Autofill, Extensions, Sessions, Extension settings, History Delete Directives, Web Apps, Saved Tab Group, WebAuthn Credentials, Collection, Edge Hub App Usage, Edge Wallet, Edge Workspace, Encryption Keys, remaining count: 1
2026-04-09 14:13:50.340: [INFO][Sync] Prepare to configure types: History, Encryption Keys
2026-04-09 14:13:50.340: [INFO][SyncManagerImpl::ConfigureSyncer] Types to download: History, Encryption Keys with reason: 5
2026-04-09 14:13:50.340: [INFO][SyncSchedulerImpl::DoConfigurationSyncCycleJob] Blocked types:  and types to download: History, Encryption Keys
2026-04-09 14:13:50.597: [INFO][SyncEngineBackend::DoFinishConfigureDataTypes] Failed to download types:  and succeeded types: History, Encryption Keys
2026-04-09 14:13:50.600: [INFO][Sync] ConfigurationDone, failed: , succeeded: History, Encryption Keys, remaining count: 0
2026-04-09 14:13:50.602: [INFO][Sync]     Configuration completed, state: 7
2026-04-09 14:13:50.603: [INFO][Sync] Configured DataTypeManager: Ok
2026-04-09 14:13:50.606: [INFO][SyncEngineBackend::DoStartSyncing] Start syncing
2026-04-09 16:40:17.908: [INFO][Sync] Reset engine, reason: 0
2026-04-09 16:40:17.908: [INFO][Sync] Reset engine with reason: 0
2026-04-09 16:42:06.257: [INFO][Sync] SyncState after authenticated was: FeatureCanStart
2026-04-09 16:42:10.554: [INFO][SyncAuthManager::SetLastAuthError] Current auth error: None
2026-04-09 16:42:10.555: [INFO][SyncAuthManager::EdgeLogTokenErrorState] Token error with: None for account type: MSA
2026-04-09 16:42:10.555: [INFO][Sync] Credentials changed for: EdgeSyncKeyDataScope
2026-04-09 16:42:16.582: [INFO][Sync] Try to start sync engine
2026-04-09 16:42:16.585: [INFO][SyncManagerImpl::NudgeForInitialDownload] Initial download nudge for Encryption Keys
2026-04-09 16:42:16.585: [INFO][SyncEngineBackend::LoadAndConnectNigoriController] Load and connect Nigori controller
2026-04-09 16:42:16.585: [INFO][SyncEngineBackend::DoInitialize] Control Types added: Encryption Keys
2026-04-09 16:42:16.585: [INFO][SyncManagerImpl::ConfigureSyncer] Types to download: Encryption Keys with reason: 3
2026-04-09 16:42:16.585: [INFO][SyncEngineBackend::DoUpdateKeyDataCredentials] Update key data credentials
2026-04-09 16:42:16.585: [INFO][SyncSchedulerImpl::DoConfigurationSyncCycleJob] Configure job was blocked
2026-04-09 16:42:16.608: [INFO][SyncAuthManager::SetLastAuthError] Current auth error: None
2026-04-09 16:42:16.608: [INFO][SyncAuthManager::EdgeLogTokenErrorState] Token error with: None for account type: MSA
2026-04-09 16:42:16.608: [INFO][Sync] Credentials changed for: EdgeSyncScopeNew
2026-04-09 16:42:16.608: [INFO][SyncEngineBackend::DoUpdateCredentials] Update credentials
2026-04-09 16:42:16.608: [INFO][SyncEngineBackend::DoUpdateKeyDataCredentials] Update key data credentials
2026-04-09 16:42:16.608: [INFO][SyncSchedulerImpl::DoConfigurationSyncCycleJob] Blocked types:  and types to download: Encryption Keys
2026-04-09 16:42:17.215: [INFO][Sync] Started DataTypeManager configuration, reason: 4
2026-04-09 16:42:17.216: [INFO][Sync] Configuring for: Bookmarks, Preferences, Passwords, Autofill Profiles, Autofill, Extensions, Sessions, Extension settings, History Delete Directives, Device Info, User Consents, Send Tab To Self, Web Apps, History, Saved Tab Group, WebAuthn Credentials, Collection, Edge E Drop, Edge Hub App Usage, Edge Wallet, Edge Workspace, Encryption Keys, reason: 4, current state: 0
2026-04-09 16:42:17.216: [WARN][Sync] Crypto error data types: Passwords, Autofill Profiles, Autofill
2026-04-09 16:42:17.230: [INFO][Sync] Configure, desired: Bookmarks, Preferences, Extensions, Sessions, Extension settings, History Delete Directives, Device Info, User Consents, Send Tab To Self, Web Apps, History, Saved Tab Group, WebAuthn Credentials, Collection, Edge E Drop, Edge Hub App Usage, Edge Wallet, Edge Workspace, Encryption Keys; Allow fail: Passwords, Autofill Profiles, Autofill
2026-04-09 16:42:17.230: [INFO][Sync] Loading: Bookmarks
2026-04-09 16:42:17.230: [INFO][Sync] Loading: Preferences
2026-04-09 16:42:17.230: [INFO][Sync] Loading: Extensions
2026-04-09 16:42:17.230: [INFO][Sync] Loading: Sessions
2026-04-09 16:42:17.230: [INFO][Sync] Loading: Extension settings
2026-04-09 16:42:17.230: [INFO][Sync] Loading: History Delete Directives
2026-04-09 16:42:17.231: [INFO][Sync] Loading: Device Info
2026-04-09 16:42:17.231: [INFO][Sync] Loading: User Consents
2026-04-09 16:42:17.231: [INFO][Sync] Loading: Send Tab To Self
2026-04-09 16:42:17.231: [INFO][Sync] Loading: Web Apps
2026-04-09 16:42:17.231: [INFO][Sync] Loading: History
2026-04-09 16:42:17.231: [INFO][Sync] Loading: Saved Tab Group
2026-04-09 16:42:17.231: [INFO][Sync] Loading: WebAuthn Credentials
2026-04-09 16:42:17.231: [INFO][Sync] Loading: Collection
2026-04-09 16:42:17.231: [INFO][Sync] Loading: Edge E Drop
2026-04-09 16:42:17.231: [INFO][Sync] Loading: Edge Hub App Usage
2026-04-09 16:42:17.231: [INFO][Sync] Loading: Edge Wallet
2026-04-09 16:42:17.231: [INFO][Sync] Loading: Edge Workspace
2026-04-09 16:42:17.264: [INFO][Sync] All data types are ready for configure.
2026-04-09 16:42:17.622: [INFO][Sync] Started DataTypeManager configuration, reason: 5
2026-04-09 16:42:17.622: [INFO][Sync] Configuring for: Bookmarks, Preferences, Passwords, Autofill Profiles, Autofill, Extensions, Sessions, Extension settings, History Delete Directives, Device Info, User Consents, Send Tab To Self, Web Apps, History, Saved Tab Group, WebAuthn Credentials, Collection, Edge E Drop, Edge Hub App Usage, Edge Wallet, Edge Workspace, Encryption Keys, reason: 5, current state: 1
2026-04-09 16:42:17.640: [INFO][SyncEngineBackend::DoStartConfiguration] Start configuration
2026-04-09 16:42:17.641: [INFO][SyncManagerImpl::ConfigureSyncer] Types to download:  with reason: 4
2026-04-09 16:42:17.641: [INFO][SyncEngineBackend::DoFinishConfigureDataTypes] Failed to download types:  and succeeded types: 
2026-04-09 16:42:17.641: [INFO][Sync] ConfigurationDone, failed: , succeeded: , remaining count: 4
2026-04-09 16:42:17.641: [WARN][Sync]     Reconfigure requested while configuration ongoing.
2026-04-09 16:42:17.641: [INFO][Sync] Configuring for: Bookmarks, Preferences, Passwords, Autofill Profiles, Autofill, Extensions, Sessions, Extension settings, History Delete Directives, Device Info, User Consents, Send Tab To Self, Web Apps, History, Saved Tab Group, WebAuthn Credentials, Collection, Edge E Drop, Edge Hub App Usage, Edge Wallet, Edge Workspace, Encryption Keys, reason: 5, current state: 2
2026-04-09 16:42:17.641: [INFO][Sync] Configure, desired: Bookmarks, Preferences, Passwords, Autofill Profiles, Autofill, Extensions, Sessions, Extension settings, History Delete Directives, Device Info, User Consents, Send Tab To Self, Web Apps, History, Saved Tab Group, WebAuthn Credentials, Collection, Edge E Drop, Edge Hub App Usage, Edge Wallet, Edge Workspace, Encryption Keys; Allow fail: 
2026-04-09 16:42:17.641: [INFO][Sync] Loading: Passwords
2026-04-09 16:42:17.641: [INFO][Sync] Loading: Autofill Profiles
2026-04-09 16:42:17.641: [INFO][Sync] Loading: Autofill
2026-04-09 16:42:17.641: [INFO][Sync] All data types are ready for configure.
2026-04-09 16:42:17.641: [INFO][SyncManagerImpl::NudgeForInitialDownload] Initial download nudge for Passwords
2026-04-09 16:42:17.642: [INFO][SyncManagerImpl::ConfigureSyncer] Types to download:  with reason: 5
2026-04-09 16:42:17.642: [INFO][SyncEngineBackend::DoFinishConfigureDataTypes] Failed to download types:  and succeeded types: 
2026-04-09 16:42:17.642: [INFO][Sync] ConfigurationDone, failed: , succeeded: , remaining count: 4
2026-04-09 16:42:17.642: [INFO][Sync] Prepare to configure types: Passwords, Encryption Keys
2026-04-09 16:42:17.642: [INFO][SyncManagerImpl::ConfigureSyncer] Types to download: Passwords, Encryption Keys with reason: 5
2026-04-09 16:42:17.642: [INFO][SyncSchedulerImpl::DoConfigurationSyncCycleJob] Blocked types:  and types to download: Passwords, Encryption Keys
2026-04-09 16:42:17.866: [INFO][SyncEngineBackend::DoFinishConfigureDataTypes] Failed to download types:  and succeeded types: Passwords, Encryption Keys
2026-04-09 16:42:17.888: [INFO][Sync] ConfigurationDone, failed: , succeeded: Passwords, Encryption Keys, remaining count: 3
2026-04-09 16:42:17.889: [INFO][SyncManagerImpl::ConfigureSyncer] Types to download:  with reason: 5
2026-04-09 16:42:17.889: [INFO][SyncEngineBackend::DoFinishConfigureDataTypes] Failed to download types:  and succeeded types: 
2026-04-09 16:42:17.889: [INFO][Sync] ConfigurationDone, failed: , succeeded: , remaining count: 2
2026-04-09 16:42:17.889: [INFO][SyncManagerImpl::ConfigureSyncer] Types to download:  with reason: 5
2026-04-09 16:42:17.889: [INFO][SyncEngineBackend::DoFinishConfigureDataTypes] Failed to download types:  and succeeded types: 
2026-04-09 16:42:17.889: [INFO][Sync] ConfigurationDone, failed: , succeeded: , remaining count: 1
2026-04-09 16:42:17.904: [INFO][SyncManagerImpl::ConfigureSyncer] Types to download:  with reason: 5
2026-04-09 16:42:17.904: [INFO][SyncEngineBackend::DoFinishConfigureDataTypes] Failed to download types:  and succeeded types: 
2026-04-09 16:42:17.906: [INFO][Sync] ConfigurationDone, failed: , succeeded: , remaining count: 0
2026-04-09 16:42:17.919: [INFO][Sync]     Configuration completed, state: 7
2026-04-09 16:42:17.920: [INFO][Sync] Configured DataTypeManager: Ok
2026-04-09 16:42:17.936: [INFO][SyncEngineBackend::DoStartSyncing] Start syncing
2026-04-10 03:43:14.710: [INFO][SyncSchedulerImpl::OnSyncNetworkError] Syncer error: HTTP error (401)
2026-04-10 03:43:14.710: [INFO][Sync] Connection status changed to: 2
2026-04-10 03:43:14.710: [INFO][SyncSchedulerImpl::DoPollSyncCycleJob] Syncer error: HTTP error (401)
2026-04-10 03:43:14.718: [WARN][Sync] NetworkError: HTTP error (401)
2026-04-10 03:43:15.476: [INFO][SyncAuthManager::SetLastAuthError] Current auth error: None
2026-04-10 03:43:15.476: [INFO][SyncAuthManager::EdgeLogTokenErrorState] Token error with: None for account type: MSA
2026-04-10 03:43:15.476: [INFO][Sync] Credentials changed for: EdgeSyncKeyDataScope
2026-04-10 03:43:15.476: [INFO][SyncEngineBackend::DoUpdateKeyDataCredentials] Update key data credentials
2026-04-10 03:43:15.493: [INFO][SyncAuthManager::SetLastAuthError] Current auth error: None
2026-04-10 03:43:15.493: [INFO][SyncAuthManager::EdgeLogTokenErrorState] Token error with: None for account type: MSA
2026-04-10 03:43:15.493: [INFO][Sync] Credentials changed for: EdgeSyncScopeNew
2026-04-10 03:43:15.493: [INFO][SyncEngineBackend::DoUpdateCredentials] Update credentials
2026-04-10 03:43:15.493: [INFO][SyncEngineBackend::DoUpdateKeyDataCredentials] Update key data credentials
2026-04-10 04:08:51.352: [INFO][Sync] Reset engine, reason: 0
2026-04-10 04:08:51.352: [INFO][Sync] Reset engine with reason: 0
2026-04-11 04:01:20.331: [INFO][Sync] Reset engine, reason: 8
2026-04-11 04:01:20.331: [INFO][Sync] Stopped: Bookmarks
2026-04-11 04:01:20.331: [INFO][Sync] Stopped: Preferences
2026-04-11 04:01:20.331: [INFO][Sync] Stopped: Passwords
2026-04-11 04:01:20.331: [INFO][Sync] Stopped: Autofill Profiles
2026-04-11 04:01:20.331: [INFO][Sync] Stopped: Autofill
2026-04-11 04:01:20.331: [INFO][Sync] Stopped: Extensions
2026-04-11 04:01:20.331: [INFO][Sync] Stopped: Sessions
2026-04-11 04:01:20.331: [INFO][Sync] Stopped: Extension settings
2026-04-11 04:01:20.331: [INFO][Sync] Stopped: History Delete Directives
2026-04-11 04:01:20.331: [INFO][Sync] Stopped: Device Info
2026-04-11 04:01:20.331: [INFO][Sync] Stopped: User Consents
2026-04-11 04:01:20.331: [INFO][Sync] Stopped: Send Tab To Self
2026-04-11 04:01:20.331: [INFO][Sync] Stopped: Web Apps
2026-04-11 04:01:20.331: [INFO][Sync] Stopped: History
2026-04-11 04:01:20.331: [INFO][Sync] Stopped: Saved Tab Group
2026-04-11 04:01:20.331: [INFO][Sync] Stopped: WebAuthn Credentials
2026-04-11 04:01:20.331: [INFO][Sync] Stopped: Collection
2026-04-11 04:01:20.331: [INFO][Sync] Stopped: Edge E Drop
2026-04-11 04:01:20.331: [INFO][Sync] Stopped: Edge Hub App Usage
2026-04-11 04:01:20.331: [INFO][Sync] Stopped: Edge Wallet
2026-04-11 04:01:20.331: [INFO][Sync] Stopped: Edge Workspace
2026-04-11 04:01:20.332: [INFO][Sync] SyncState after authenticated was: NotSignedIn
2026-04-11 04:01:20.565: [INFO][Sync] Reset engine, reason: 8
2026-04-11 04:01:20.565: [INFO][Sync] Stopped: Bookmarks
2026-04-11 04:01:20.565: [INFO][Sync] Stopped: Preferences
2026-04-11 04:01:20.565: [INFO][Sync] Stopped: Passwords
2026-04-11 04:01:20.565: [INFO][Sync] Stopped: Autofill Profiles
2026-04-11 04:01:20.565: [INFO][Sync] Stopped: Autofill
2026-04-11 04:01:20.565: [INFO][Sync] Stopped: Extensions
2026-04-11 04:01:20.565: [INFO][Sync] Stopped: Sessions
2026-04-11 04:01:20.565: [INFO][Sync] Stopped: Extension settings
2026-04-11 04:01:20.565: [INFO][Sync] Stopped: History Delete Directives
2026-04-11 04:01:20.565: [INFO][Sync] Stopped: Device Info
2026-04-11 04:01:20.565: [INFO][Sync] Stopped: User Consents
2026-04-11 04:01:20.565: [INFO][Sync] Stopped: Send Tab To Self
2026-04-11 04:01:20.565: [INFO][Sync] Stopped: Web Apps
2026-04-11 04:01:20.565: [INFO][Sync] Stopped: History
2026-04-11 04:01:20.565: [INFO][Sync] Stopped: Saved Tab Group
2026-04-11 04:01:20.565: [INFO][Sync] Stopped: WebAuthn Credentials
2026-04-11 04:01:20.565: [INFO][Sync] Stopped: Collection
2026-04-11 04:01:20.565: [INFO][Sync] Stopped: Edge E Drop
2026-04-11 04:01:20.565: [INFO][Sync] Stopped: Edge Hub App Usage
2026-04-11 04:01:20.565: [INFO][Sync] Stopped: Edge Wallet
2026-04-11 04:01:20.565: [INFO][Sync] Stopped: Edge Workspace
2026-04-11 04:01:22.892: [INFO][Sync] Try to start sync engine
2026-04-11 04:01:22.893: [INFO][SyncManagerImpl::NudgeForInitialDownload] Initial download nudge for Encryption Keys
2026-04-11 04:01:22.893: [INFO][SyncEngineBackend::LoadAndConnectNigoriController] Load and connect Nigori controller
2026-04-11 04:01:22.893: [INFO][SyncEngineBackend::DoInitialize] Control Types added: Encryption Keys
2026-04-11 04:01:22.893: [INFO][SyncManagerImpl::ConfigureSyncer] Types to download: Encryption Keys with reason: 3
2026-04-11 04:01:22.893: [INFO][SyncSchedulerImpl::DoConfigurationSyncCycleJob] Configure job was blocked
2026-04-11 04:01:23.709: [INFO][SyncAuthManager::SetLastAuthError] Current auth error: None
2026-04-11 04:01:23.709: [INFO][SyncAuthManager::EdgeLogTokenErrorState] Token error with: None for account type: MSA
2026-04-11 04:01:23.709: [INFO][Sync] Credentials changed for: EdgeSyncScopeNew
2026-04-11 04:01:23.786: [INFO][SyncAuthManager::SetLastAuthError] Current auth error: None
2026-04-11 04:01:23.786: [INFO][SyncAuthManager::EdgeLogTokenErrorState] Token error with: None for account type: MSA
2026-04-11 04:01:23.786: [INFO][Sync] Credentials changed for: EdgeSyncKeyDataScope
2026-04-11 04:01:23.786: [INFO][SyncEngineBackend::DoUpdateKeyDataCredentials] Update key data credentials
2026-04-11 04:01:23.786: [INFO][SyncEngineBackend::DoUpdateCredentials] Update credentials
2026-04-11 04:01:23.786: [INFO][SyncSchedulerImpl::DoConfigurationSyncCycleJob] Blocked types:  and types to download: Encryption Keys
2026-04-11 04:01:24.063: [INFO][Sync] Started DataTypeManager configuration, reason: 4
2026-04-11 04:01:24.063: [INFO][Sync] Configuring for: Bookmarks, Preferences, Passwords, Autofill Profiles, Autofill, Extensions, Sessions, Extension settings, History Delete Directives, Device Info, User Consents, Send Tab To Self, Web Apps, History, Saved Tab Group, WebAuthn Credentials, Collection, Edge E Drop, Edge Hub App Usage, Edge Wallet, Edge Workspace, Encryption Keys, reason: 3, current state: 0
2026-04-11 04:01:24.063: [WARN][Sync] Crypto error data types: Passwords, Autofill Profiles, Autofill
2026-04-11 04:01:24.065: [INFO][Sync] Configure, desired: Bookmarks, Preferences, Extensions, Sessions, Extension settings, History Delete Directives, Device Info, User Consents, Send Tab To Self, Web Apps, History, Saved Tab Group, WebAuthn Credentials, Collection, Edge E Drop, Edge Hub App Usage, Edge Wallet, Edge Workspace, Encryption Keys; Allow fail: Passwords, Autofill Profiles, Autofill
2026-04-11 04:01:24.066: [INFO][Sync] Loading: Bookmarks
2026-04-11 04:01:24.066: [INFO][Sync] Loading: Preferences
2026-04-11 04:01:24.066: [INFO][Sync] Loading: Extensions
2026-04-11 04:01:24.066: [INFO][Sync] Loading: Sessions
2026-04-11 04:01:24.066: [INFO][Sync] Loading: Extension settings
2026-04-11 04:01:24.066: [INFO][Sync] Loading: History Delete Directives
2026-04-11 04:01:24.066: [INFO][Sync] Loading: Device Info
2026-04-11 04:01:24.066: [INFO][Sync] Loading: User Consents
2026-04-11 04:01:24.066: [INFO][Sync] Loading: Send Tab To Self
2026-04-11 04:01:24.066: [INFO][Sync] Loading: Web Apps
2026-04-11 04:01:24.066: [INFO][Sync] Loading: History
2026-04-11 04:01:24.066: [INFO][Sync] Loading: Saved Tab Group
2026-04-11 04:01:24.066: [INFO][Sync] Loading: WebAuthn Credentials
2026-04-11 04:01:24.066: [INFO][Sync] Loading: Collection
2026-04-11 04:01:24.066: [INFO][Sync] Loading: Edge E Drop
2026-04-11 04:01:24.066: [INFO][Sync] Loading: Edge Hub App Usage
2026-04-11 04:01:24.066: [INFO][Sync] Loading: Edge Wallet
2026-04-11 04:01:24.066: [INFO][Sync] Loading: Edge Workspace
2026-04-11 04:01:24.075: [INFO][Sync] All data types are ready for configure.
2026-04-11 04:01:24.394: [INFO][Sync] Started DataTypeManager configuration, reason: 5
2026-04-11 04:01:24.394: [INFO][Sync] Configuring for: Bookmarks, Preferences, Passwords, Autofill Profiles, Autofill, Extensions, Sessions, Extension settings, History Delete Directives, Device Info, User Consents, Send Tab To Self, Web Apps, History, Saved Tab Group, WebAuthn Credentials, Collection, Edge E Drop, Edge Hub App Usage, Edge Wallet, Edge Workspace, Encryption Keys, reason: 5, current state: 1
2026-04-11 04:01:24.396: [INFO][SyncEngineBackend::DoStartConfiguration] Start configuration
2026-04-11 04:01:24.397: [INFO][SyncManagerImpl::NudgeForInitialDownload] Initial download nudge for Bookmarks
2026-04-11 04:01:24.397: [INFO][SyncManagerImpl::NudgeForInitialDownload] Initial download nudge for Preferences
2026-04-11 04:01:24.397: [INFO][SyncManagerImpl::NudgeForInitialDownload] Initial download nudge for Extensions
2026-04-11 04:01:24.397: [INFO][SyncManagerImpl::NudgeForInitialDownload] Initial download nudge for Sessions
2026-04-11 04:01:24.397: [INFO][SyncManagerImpl::NudgeForInitialDownload] Initial download nudge for Extension settings
2026-04-11 04:01:24.397: [INFO][SyncManagerImpl::NudgeForInitialDownload] Initial download nudge for History Delete Directives
2026-04-11 04:01:24.397: [INFO][SyncManagerImpl::NudgeForInitialDownload] Initial download nudge for Device Info
2026-04-11 04:01:24.397: [INFO][SyncManagerImpl::NudgeForInitialDownload] Initial download nudge for Send Tab To Self
2026-04-11 04:01:24.397: [INFO][SyncManagerImpl::NudgeForInitialDownload] Initial download nudge for Web Apps
2026-04-11 04:01:24.397: [INFO][SyncManagerImpl::NudgeForInitialDownload] Initial download nudge for History
2026-04-11 04:01:24.397: [INFO][SyncManagerImpl::NudgeForInitialDownload] Initial download nudge for Saved Tab Group
2026-04-11 04:01:24.397: [INFO][SyncManagerImpl::NudgeForInitialDownload] Initial download nudge for WebAuthn Credentials
2026-04-11 04:01:24.397: [INFO][SyncManagerImpl::NudgeForInitialDownload] Initial download nudge for Collection
2026-04-11 04:01:24.397: [INFO][SyncManagerImpl::NudgeForInitialDownload] Initial download nudge for Edge E Drop
2026-04-11 04:01:24.397: [INFO][SyncManagerImpl::NudgeForInitialDownload] Initial download nudge for Edge Hub App Usage
2026-04-11 04:01:24.397: [INFO][SyncManagerImpl::NudgeForInitialDownload] Initial download nudge for Edge Wallet
2026-04-11 04:01:24.397: [INFO][SyncManagerImpl::NudgeForInitialDownload] Initial download nudge for Edge Workspace
2026-04-11 04:01:24.397: [INFO][SyncManagerImpl::ConfigureSyncer] Types to download:  with reason: 3
2026-04-11 04:01:24.397: [INFO][SyncEngineBackend::DoFinishConfigureDataTypes] Failed to download types:  and succeeded types: 
2026-04-11 04:01:24.397: [INFO][Sync] ConfigurationDone, failed: , succeeded: , remaining count: 4
2026-04-11 04:01:24.397: [WARN][Sync]     Reconfigure requested while configuration ongoing.
2026-04-11 04:01:24.398: [INFO][Sync] Configuring for: Bookmarks, Preferences, Passwords, Autofill Profiles, Autofill, Extensions, Sessions, Extension settings, History Delete Directives, Device Info, User Consents, Send Tab To Self, Web Apps, History, Saved Tab Group, WebAuthn Credentials, Collection, Edge E Drop, Edge Hub App Usage, Edge Wallet, Edge Workspace, Encryption Keys, reason: 5, current state: 2
2026-04-11 04:01:24.398: [INFO][Sync] Configure, desired: Bookmarks, Preferences, Passwords, Autofill Profiles, Autofill, Extensions, Sessions, Extension settings, History Delete Directives, Device Info, User Consents, Send Tab To Self, Web Apps, History, Saved Tab Group, WebAuthn Credentials, Collection, Edge E Drop, Edge Hub App Usage, Edge Wallet, Edge Workspace, Encryption Keys; Allow fail: 
2026-04-11 04:01:24.398: [INFO][Sync] Loading: Passwords
2026-04-11 04:01:24.398: [INFO][Sync] Loading: Autofill Profiles
2026-04-11 04:01:24.398: [INFO][Sync] Loading: Autofill
2026-04-11 04:01:24.398: [INFO][Sync] All data types are ready for configure.
2026-04-11 04:01:24.398: [INFO][SyncManagerImpl::NudgeForInitialDownload] Initial download nudge for Passwords
2026-04-11 04:01:24.398: [INFO][SyncManagerImpl::NudgeForInitialDownload] Initial download nudge for Autofill Profiles
2026-04-11 04:01:24.398: [INFO][SyncManagerImpl::NudgeForInitialDownload] Initial download nudge for Autofill
2026-04-11 04:01:24.398: [INFO][SyncManagerImpl::ConfigureSyncer] Types to download:  with reason: 5
2026-04-11 04:01:24.398: [INFO][SyncEngineBackend::DoFinishConfigureDataTypes] Failed to download types:  and succeeded types: 
2026-04-11 04:01:24.398: [INFO][Sync] ConfigurationDone, failed: , succeeded: , remaining count: 4
2026-04-11 04:01:24.398: [INFO][Sync] Prepare to configure types: Preferences, Passwords, Device Info, Send Tab To Self, Edge E Drop, Encryption Keys
2026-04-11 04:01:24.399: [INFO][SyncManagerImpl::ConfigureSyncer] Types to download: Preferences, Passwords, Device Info, Send Tab To Self, Edge E Drop, Encryption Keys with reason: 5
2026-04-11 04:01:24.399: [INFO][SyncSchedulerImpl::DoConfigurationSyncCycleJob] Blocked types:  and types to download: Preferences, Passwords, Device Info, Send Tab To Self, Edge E Drop, Encryption Keys
2026-04-11 04:01:24.588: [INFO][SyncEngineBackend::DoFinishConfigureDataTypes] Failed to download types:  and succeeded types: Preferences, Passwords, Device Info, Send Tab To Self, Edge E Drop, Encryption Keys
2026-04-11 04:01:24.592: [INFO][Sync] ConfigurationDone, failed: , succeeded: Preferences, Passwords, Device Info, Send Tab To Self, Edge E Drop, Encryption Keys, remaining count: 3
2026-04-11 04:01:24.592: [INFO][Sync] Prepare to configure types: Bookmarks, Encryption Keys
2026-04-11 04:01:24.592: [INFO][SyncManagerImpl::ConfigureSyncer] Types to download: Bookmarks, Encryption Keys with reason: 5
2026-04-11 04:01:24.592: [INFO][SyncSchedulerImpl::DoConfigurationSyncCycleJob] Blocked types:  and types to download: Bookmarks, Encryption Keys
2026-04-11 04:01:24.691: [INFO][SyncEngineBackend::DoFinishConfigureDataTypes] Failed to download types:  and succeeded types: Bookmarks, Encryption Keys
2026-04-11 04:01:24.694: [INFO][Sync] ConfigurationDone, failed: , succeeded: Bookmarks, Encryption Keys, remaining count: 2
2026-04-11 04:01:24.694: [INFO][Sync] Prepare to configure types: Autofill Profiles, Autofill, Extensions, Sessions, Extension settings, History Delete Directives, Web Apps, Saved Tab Group, WebAuthn Credentials, Collection, Edge Hub App Usage, Edge Wallet, Edge Workspace, Encryption Keys
2026-04-11 04:01:24.694: [INFO][SyncManagerImpl::ConfigureSyncer] Types to download: Autofill Profiles, Autofill, Extensions, Sessions, Extension settings, History Delete Directives, Web Apps, Saved Tab Group, WebAuthn Credentials, Collection, Edge Hub App Usage, Edge Wallet, Edge Workspace, Encryption Keys with reason: 5
2026-04-11 04:01:24.694: [INFO][SyncSchedulerImpl::DoConfigurationSyncCycleJob] Blocked types:  and types to download: Autofill Profiles, Autofill, Extensions, Sessions, Extension settings, History Delete Directives, Web Apps, Saved Tab Group, WebAuthn Credentials, Collection, Edge Hub App Usage, Edge Wallet, Edge Workspace, Encryption Keys
2026-04-11 04:01:24.836: [INFO][SyncEngineBackend::DoFinishConfigureDataTypes] Failed to download types:  and succeeded types: Autofill Profiles, Autofill, Extensions, Sessions, Extension settings, History Delete Directives, Web Apps, Saved Tab Group, WebAuthn Credentials, Collection, Edge Hub App Usage, Edge Wallet, Edge Workspace, Encryption Keys
2026-04-11 04:01:24.840: [INFO][Sync] ConfigurationDone, failed: , succeeded: Autofill Profiles, Autofill, Extensions, Sessions, Extension settings, History Delete Directives, Web Apps, Saved Tab Group, WebAuthn Credentials, Collection, Edge Hub App Usage, Edge Wallet, Edge Workspace, Encryption Keys, remaining count: 1
2026-04-11 04:01:24.843: [INFO][Sync] Prepare to configure types: History, Encryption Keys
2026-04-11 04:01:24.843: [INFO][SyncManagerImpl::ConfigureSyncer] Types to download: History, Encryption Keys with reason: 5
2026-04-11 04:01:24.843: [INFO][SyncSchedulerImpl::DoConfigurationSyncCycleJob] Blocked types:  and types to download: History, Encryption Keys
2026-04-11 04:01:25.032: [INFO][SyncEngineBackend::DoFinishConfigureDataTypes] Failed to download types:  and succeeded types: History, Encryption Keys
2026-04-11 04:01:25.036: [INFO][Sync] ConfigurationDone, failed: , succeeded: History, Encryption Keys, remaining count: 0
2026-04-11 04:01:25.038: [INFO][Sync]     Configuration completed, state: 7
2026-04-11 04:01:25.039: [INFO][Sync] Configured DataTypeManager: Ok
2026-04-11 04:01:25.042: [INFO][SyncEngineBackend::DoStartSyncing] Start syncing
2026-04-11 07:12:55.701: [INFO][Sync] Reset engine, reason: 0
2026-04-11 07:12:55.701: [INFO][Sync] Reset engine with reason: 0
2026-04-12 11:19:37.604: [INFO][Sync] SyncState after authenticated was: FeatureCanStart
2026-04-12 11:19:39.826: [INFO][SyncAuthManager::SetLastAuthError] Current auth error: None
2026-04-12 11:19:39.826: [INFO][SyncAuthManager::EdgeLogTokenErrorState] Token error with: None for account type: MSA
2026-04-12 11:19:39.826: [INFO][Sync] Credentials changed for: EdgeSyncKeyDataScope
2026-04-12 11:19:43.939: [INFO][Sync] Try to start sync engine
2026-04-12 11:19:43.976: [INFO][SyncManagerImpl::NudgeForInitialDownload] Initial download nudge for Encryption Keys
2026-04-12 11:19:43.976: [INFO][SyncEngineBackend::LoadAndConnectNigoriController] Load and connect Nigori controller
2026-04-12 11:19:43.976: [INFO][SyncEngineBackend::DoInitialize] Control Types added: Encryption Keys
2026-04-12 11:19:43.976: [INFO][SyncManagerImpl::ConfigureSyncer] Types to download: Encryption Keys with reason: 3
2026-04-12 11:19:43.976: [INFO][SyncEngineBackend::DoUpdateKeyDataCredentials] Update key data credentials
2026-04-12 11:19:43.976: [INFO][SyncSchedulerImpl::DoConfigurationSyncCycleJob] Configure job was blocked
2026-04-12 11:19:43.979: [INFO][SyncAuthManager::SetLastAuthError] Current auth error: None
2026-04-12 11:19:43.979: [INFO][SyncAuthManager::EdgeLogTokenErrorState] Token error with: None for account type: MSA
2026-04-12 11:19:43.979: [INFO][Sync] Credentials changed for: EdgeSyncScopeNew
2026-04-12 11:19:43.979: [INFO][SyncEngineBackend::DoUpdateCredentials] Update credentials
2026-04-12 11:19:43.979: [INFO][SyncEngineBackend::DoUpdateKeyDataCredentials] Update key data credentials
2026-04-12 11:19:43.979: [INFO][SyncSchedulerImpl::DoConfigurationSyncCycleJob] Blocked types:  and types to download: Encryption Keys
2026-04-12 11:19:44.187: [INFO][Sync] Started DataTypeManager configuration, reason: 4
2026-04-12 11:19:44.187: [INFO][Sync] Configuring for: Bookmarks, Preferences, Passwords, Autofill Profiles, Autofill, Extensions, Sessions, Extension settings, History Delete Directives, Device Info, User Consents, Send Tab To Self, Web Apps, History, Saved Tab Group, WebAuthn Credentials, Collection, Edge E Drop, Edge Hub App Usage, Edge Wallet, Edge Workspace, Encryption Keys, reason: 4, current state: 0
2026-04-12 11:19:44.187: [WARN][Sync] Crypto error data types: Passwords, Autofill Profiles, Autofill
2026-04-12 11:19:44.189: [INFO][Sync] Configure, desired: Bookmarks, Preferences, Extensions, Sessions, Extension settings, History Delete Directives, Device Info, User Consents, Send Tab To Self, Web Apps, History, Saved Tab Group, WebAuthn Credentials, Collection, Edge E Drop, Edge Hub App Usage, Edge Wallet, Edge Workspace, Encryption Keys; Allow fail: Passwords, Autofill Profiles, Autofill
2026-04-12 11:19:44.189: [INFO][Sync] Loading: Bookmarks
2026-04-12 11:19:44.189: [INFO][Sync] Loading: Preferences
2026-04-12 11:19:44.189: [INFO][Sync] Loading: Extensions
2026-04-12 11:19:44.189: [INFO][Sync] Loading: Sessions
2026-04-12 11:19:44.189: [INFO][Sync] Loading: Extension settings
2026-04-12 11:19:44.189: [INFO][Sync] Loading: History Delete Directives
2026-04-12 11:19:44.189: [INFO][Sync] Loading: Device Info
2026-04-12 11:19:44.189: [INFO][Sync] Loading: User Consents
2026-04-12 11:19:44.189: [INFO][Sync] Loading: Send Tab To Self
2026-04-12 11:19:44.189: [INFO][Sync] Loading: Web Apps
2026-04-12 11:19:44.189: [INFO][Sync] Loading: History
2026-04-12 11:19:44.189: [INFO][Sync] Loading: Saved Tab Group
2026-04-12 11:19:44.189: [INFO][Sync] Loading: WebAuthn Credentials
2026-04-12 11:19:44.189: [INFO][Sync] Loading: Collection
2026-04-12 11:19:44.189: [INFO][Sync] Loading: Edge E Drop
2026-04-12 11:19:44.189: [INFO][Sync] Loading: Edge Hub App Usage
2026-04-12 11:19:44.189: [INFO][Sync] Loading: Edge Wallet
2026-04-12 11:19:44.189: [INFO][Sync] Loading: Edge Workspace
2026-04-12 11:19:44.195: [INFO][Sync] All data types are ready for configure.
2026-04-12 11:19:44.593: [INFO][Sync] Started DataTypeManager configuration, reason: 5
2026-04-12 11:19:44.593: [INFO][Sync] Configuring for: Bookmarks, Preferences, Passwords, Autofill Profiles, Autofill, Extensions, Sessions, Extension settings, History Delete Directives, Device Info, User Consents, Send Tab To Self, Web Apps, History, Saved Tab Group, WebAuthn Credentials, Collection, Edge E Drop, Edge Hub App Usage, Edge Wallet, Edge Workspace, Encryption Keys, reason: 5, current state: 1
2026-04-12 11:19:44.595: [INFO][SyncEngineBackend::DoStartConfiguration] Start configuration
2026-04-12 11:19:44.595: [INFO][SyncManagerImpl::ConfigureSyncer] Types to download:  with reason: 4
2026-04-12 11:19:44.595: [INFO][SyncEngineBackend::DoFinishConfigureDataTypes] Failed to download types:  and succeeded types: 
2026-04-12 11:19:44.596: [INFO][Sync] ConfigurationDone, failed: , succeeded: , remaining count: 4
2026-04-12 11:19:44.596: [WARN][Sync]     Reconfigure requested while configuration ongoing.
2026-04-12 11:19:44.596: [INFO][Sync] Configuring for: Bookmarks, Preferences, Passwords, Autofill Profiles, Autofill, Extensions, Sessions, Extension settings, History Delete Directives, Device Info, User Consents, Send Tab To Self, Web Apps, History, Saved Tab Group, WebAuthn Credentials, Collection, Edge E Drop, Edge Hub App Usage, Edge Wallet, Edge Workspace, Encryption Keys, reason: 5, current state: 2
2026-04-12 11:19:44.596: [INFO][Sync] Configure, desired: Bookmarks, Preferences, Passwords, Autofill Profiles, Autofill, Extensions, Sessions, Extension settings, History Delete Directives, Device Info, User Consents, Send Tab To Self, Web Apps, History, Saved Tab Group, WebAuthn Credentials, Collection, Edge E Drop, Edge Hub App Usage, Edge Wallet, Edge Workspace, Encryption Keys; Allow fail: 
2026-04-12 11:19:44.596: [INFO][Sync] Loading: Passwords
2026-04-12 11:19:44.596: [INFO][Sync] Loading: Autofill Profiles
2026-04-12 11:19:44.596: [INFO][Sync] Loading: Autofill
2026-04-12 11:19:44.596: [INFO][Sync] All data types are ready for configure.
2026-04-12 11:19:44.596: [INFO][SyncManagerImpl::NudgeForInitialDownload] Initial download nudge for Passwords
2026-04-12 11:19:44.596: [INFO][SyncManagerImpl::ConfigureSyncer] Types to download:  with reason: 5
2026-04-12 11:19:44.596: [INFO][SyncEngineBackend::DoFinishConfigureDataTypes] Failed to download types:  and succeeded types: 
2026-04-12 11:19:44.596: [INFO][Sync] ConfigurationDone, failed: , succeeded: , remaining count: 4
2026-04-12 11:19:44.596: [INFO][Sync] Prepare to configure types: Passwords, Encryption Keys
2026-04-12 11:19:44.596: [INFO][SyncManagerImpl::ConfigureSyncer] Types to download: Passwords, Encryption Keys with reason: 5
2026-04-12 11:19:44.596: [INFO][SyncSchedulerImpl::DoConfigurationSyncCycleJob] Blocked types:  and types to download: Passwords, Encryption Keys
2026-04-12 11:19:44.710: [INFO][SyncEngineBackend::DoFinishConfigureDataTypes] Failed to download types:  and succeeded types: Passwords, Encryption Keys
2026-04-12 11:19:44.712: [INFO][Sync] ConfigurationDone, failed: , succeeded: Passwords, Encryption Keys, remaining count: 3
2026-04-12 11:19:44.712: [INFO][SyncManagerImpl::ConfigureSyncer] Types to download:  with reason: 5
2026-04-12 11:19:44.712: [INFO][SyncEngineBackend::DoFinishConfigureDataTypes] Failed to download types:  and succeeded types: 
2026-04-12 11:19:44.712: [INFO][Sync] ConfigurationDone, failed: , succeeded: , remaining count: 2
2026-04-12 11:19:44.712: [INFO][SyncManagerImpl::ConfigureSyncer] Types to download:  with reason: 5
2026-04-12 11:19:44.712: [INFO][SyncEngineBackend::DoFinishConfigureDataTypes] Failed to download types:  and succeeded types: 
2026-04-12 11:19:44.715: [INFO][Sync] ConfigurationDone, failed: , succeeded: , remaining count: 1
2026-04-12 11:19:44.717: [INFO][SyncManagerImpl::ConfigureSyncer] Types to download:  with reason: 5
2026-04-12 11:19:44.717: [INFO][SyncEngineBackend::DoFinishConfigureDataTypes] Failed to download types:  and succeeded types: 
2026-04-12 11:19:44.717: [INFO][Sync] ConfigurationDone, failed: , succeeded: , remaining count: 0
2026-04-12 11:19:44.720: [INFO][Sync]     Configuration completed, state: 7
2026-04-12 11:19:44.720: [INFO][Sync] Configured DataTypeManager: Ok
2026-04-12 11:19:44.723: [INFO][SyncEngineBackend::DoStartSyncing] Start syncing
2026-04-12 12:21:24.864: [INFO][SyncSchedulerImpl::OnSyncNetworkError] Syncer error: HTTP error (401)
2026-04-12 12:21:24.864: [INFO][Commit::ReportFullCommitFailure] Commit Device Info failed with error: AuthError
2026-04-12 12:21:24.865: [INFO][Sync] Connection status changed to: 2
2026-04-12 12:21:24.865: [INFO][SyncSchedulerImpl::DoNudgeSyncCycleJob] Syncer error: HTTP error (401)
2026-04-12 12:21:24.895: [WARN][Sync] NetworkError: HTTP error (401)
2026-04-12 12:21:24.925: [INFO][SyncAuthManager::SetLastAuthError] Current auth error: None
2026-04-12 12:21:24.925: [INFO][SyncAuthManager::EdgeLogTokenErrorState] Token error with: None for account type: MSA
2026-04-12 12:21:24.925: [INFO][Sync] Credentials changed for: EdgeSyncScopeNew
2026-04-12 12:21:26.509: [INFO][SyncAuthManager::SetLastAuthError] Current auth error: None
2026-04-12 12:21:26.509: [INFO][SyncAuthManager::EdgeLogTokenErrorState] Token error with: None for account type: MSA
2026-04-12 12:21:26.509: [INFO][Sync] Credentials changed for: EdgeSyncKeyDataScope
2026-04-12 12:21:26.510: [INFO][SyncEngineBackend::DoUpdateKeyDataCredentials] Update key data credentials
2026-04-12 12:21:26.510: [INFO][SyncEngineBackend::DoUpdateCredentials] Update credentials
2026-04-12 13:23:56.706: [INFO][Sync] Reset engine, reason: 0
2026-04-12 13:23:56.706: [INFO][Sync] Reset engine with reason: 0
2026-04-12 13:24:23.108: [INFO][Sync] Reset engine, reason: 8
2026-04-12 13:24:23.108: [INFO][Sync] Stopped: Bookmarks
2026-04-12 13:24:23.108: [INFO][Sync] Stopped: Preferences
2026-04-12 13:24:23.108: [INFO][Sync] Stopped: Passwords
2026-04-12 13:24:23.108: [INFO][Sync] Stopped: Autofill Profiles
2026-04-12 13:24:23.108: [INFO][Sync] Stopped: Autofill
2026-04-12 13:24:23.108: [INFO][Sync] Stopped: Extensions
2026-04-12 13:24:23.108: [INFO][Sync] Stopped: Sessions
2026-04-12 13:24:23.108: [INFO][Sync] Stopped: Extension settings
2026-04-12 13:24:23.108: [INFO][Sync] Stopped: History Delete Directives
2026-04-12 13:24:23.108: [INFO][Sync] Stopped: Device Info
2026-04-12 13:24:23.108: [INFO][Sync] Stopped: User Consents
2026-04-12 13:24:23.108: [INFO][Sync] Stopped: Send Tab To Self
2026-04-12 13:24:23.108: [INFO][Sync] Stopped: Web Apps
2026-04-12 13:24:23.108: [INFO][Sync] Stopped: History
2026-04-12 13:24:23.108: [INFO][Sync] Stopped: Saved Tab Group
2026-04-12 13:24:23.108: [INFO][Sync] Stopped: WebAuthn Credentials
2026-04-12 13:24:23.108: [INFO][Sync] Stopped: Collection
2026-04-12 13:24:23.108: [INFO][Sync] Stopped: Edge E Drop
2026-04-12 13:24:23.108: [INFO][Sync] Stopped: Edge Hub App Usage
2026-04-12 13:24:23.108: [INFO][Sync] Stopped: Edge Wallet
2026-04-12 13:24:23.108: [INFO][Sync] Stopped: Edge Workspace
2026-04-12 13:24:23.108: [INFO][Sync] SyncState after authenticated was: NotSignedIn
2026-04-12 13:24:23.299: [INFO][Sync] Reset engine, reason: 8
2026-04-12 13:24:23.299: [INFO][Sync] Stopped: Bookmarks
2026-04-12 13:24:23.299: [INFO][Sync] Stopped: Preferences
2026-04-12 13:24:23.299: [INFO][Sync] Stopped: Passwords
2026-04-12 13:24:23.299: [INFO][Sync] Stopped: Autofill Profiles
2026-04-12 13:24:23.299: [INFO][Sync] Stopped: Autofill
2026-04-12 13:24:23.299: [INFO][Sync] Stopped: Extensions
2026-04-12 13:24:23.299: [INFO][Sync] Stopped: Sessions
2026-04-12 13:24:23.299: [INFO][Sync] Stopped: Extension settings
2026-04-12 13:24:23.299: [INFO][Sync] Stopped: History Delete Directives
2026-04-12 13:24:23.299: [INFO][Sync] Stopped: Device Info
2026-04-12 13:24:23.299: [INFO][Sync] Stopped: User Consents
2026-04-12 13:24:23.299: [INFO][Sync] Stopped: Send Tab To Self
2026-04-12 13:24:23.299: [INFO][Sync] Stopped: Web Apps
2026-04-12 13:24:23.299: [INFO][Sync] Stopped: History
2026-04-12 13:24:23.299: [INFO][Sync] Stopped: Saved Tab Group
2026-04-12 13:24:23.299: [INFO][Sync] Stopped: WebAuthn Credentials
2026-04-12 13:24:23.299: [INFO][Sync] Stopped: Collection
2026-04-12 13:24:23.299: [INFO][Sync] Stopped: Edge E Drop
2026-04-12 13:24:23.299: [INFO][Sync] Stopped: Edge Hub App Usage
2026-04-12 13:24:23.299: [INFO][Sync] Stopped: Edge Wallet
2026-04-12 13:24:23.299: [INFO][Sync] Stopped: Edge Workspace
2026-04-12 13:24:24.830: [INFO][Sync] Try to start sync engine
2026-04-12 13:24:24.831: [INFO][SyncManagerImpl::NudgeForInitialDownload] Initial download nudge for Encryption Keys
2026-04-12 13:24:24.831: [INFO][SyncEngineBackend::LoadAndConnectNigoriController] Load and connect Nigori controller
2026-04-12 13:24:24.831: [INFO][SyncEngineBackend::DoInitialize] Control Types added: Encryption Keys
2026-04-12 13:24:24.831: [INFO][SyncManagerImpl::ConfigureSyncer] Types to download: Encryption Keys with reason: 3
2026-04-12 13:24:24.831: [INFO][SyncSchedulerImpl::DoConfigurationSyncCycleJob] Configure job was blocked
2026-04-12 13:24:24.866: [INFO][SyncAuthManager::SetLastAuthError] Current auth error: None
2026-04-12 13:24:24.866: [INFO][SyncAuthManager::EdgeLogTokenErrorState] Token error with: None for account type: MSA
2026-04-12 13:24:24.866: [INFO][Sync] Credentials changed for: EdgeSyncScopeNew
2026-04-12 13:24:25.635: [INFO][SyncAuthManager::SetLastAuthError] Current auth error: None
2026-04-12 13:24:25.635: [INFO][SyncAuthManager::EdgeLogTokenErrorState] Token error with: None for account type: MSA
2026-04-12 13:24:25.635: [INFO][Sync] Credentials changed for: EdgeSyncKeyDataScope
2026-04-12 13:24:25.635: [INFO][SyncEngineBackend::DoUpdateKeyDataCredentials] Update key data credentials
2026-04-12 13:24:25.635: [INFO][SyncEngineBackend::DoUpdateCredentials] Update credentials
2026-04-12 13:24:25.635: [INFO][SyncSchedulerImpl::DoConfigurationSyncCycleJob] Blocked types:  and types to download: Encryption Keys
2026-04-12 13:24:25.858: [INFO][Sync] Started DataTypeManager configuration, reason: 4
2026-04-12 13:24:25.858: [INFO][Sync] Configuring for: Bookmarks, Preferences, Passwords, Autofill Profiles, Autofill, Extensions, Sessions, Extension settings, History Delete Directives, Device Info, User Consents, Send Tab To Self, Web Apps, History, Saved Tab Group, WebAuthn Credentials, Collection, Edge E Drop, Edge Hub App Usage, Edge Wallet, Edge Workspace, Encryption Keys, reason: 4, current state: 0
2026-04-12 13:24:25.858: [WARN][Sync] Crypto error data types: Passwords, Autofill Profiles, Autofill
2026-04-12 13:24:25.863: [INFO][Sync] Configure, desired: Bookmarks, Preferences, Extensions, Sessions, Extension settings, History Delete Directives, Device Info, User Consents, Send Tab To Self, Web Apps, History, Saved Tab Group, WebAuthn Credentials, Collection, Edge E Drop, Edge Hub App Usage, Edge Wallet, Edge Workspace, Encryption Keys; Allow fail: Passwords, Autofill Profiles, Autofill
2026-04-12 13:24:25.863: [INFO][Sync] Loading: Bookmarks
2026-04-12 13:24:25.863: [INFO][Sync] Loading: Preferences
2026-04-12 13:24:25.863: [INFO][Sync] Loading: Extensions
2026-04-12 13:24:25.863: [INFO][Sync] Loading: Sessions
2026-04-12 13:24:25.863: [INFO][Sync] Loading: Extension settings
2026-04-12 13:24:25.863: [INFO][Sync] Loading: History Delete Directives
2026-04-12 13:24:25.863: [INFO][Sync] Loading: Device Info
2026-04-12 13:24:25.863: [INFO][Sync] Loading: User Consents
2026-04-12 13:24:25.863: [INFO][Sync] Loading: Send Tab To Self
2026-04-12 13:24:25.863: [INFO][Sync] Loading: Web Apps
2026-04-12 13:24:25.863: [INFO][Sync] Loading: History
2026-04-12 13:24:25.863: [INFO][Sync] Loading: Saved Tab Group
2026-04-12 13:24:25.863: [INFO][Sync] Loading: WebAuthn Credentials
2026-04-12 13:24:25.863: [INFO][Sync] Loading: Collection
2026-04-12 13:24:25.863: [INFO][Sync] Loading: Edge E Drop
2026-04-12 13:24:25.863: [INFO][Sync] Loading: Edge Hub App Usage
2026-04-12 13:24:25.863: [INFO][Sync] Loading: Edge Wallet
2026-04-12 13:24:25.863: [INFO][Sync] Loading: Edge Workspace
2026-04-12 13:24:25.869: [INFO][Sync] All data types are ready for configure.
2026-04-12 13:24:26.261: [INFO][SyncEngineBackend::DoStartConfiguration] Start configuration
2026-04-12 13:24:26.261: [INFO][SyncManagerImpl::NudgeForInitialDownload] Initial download nudge for Bookmarks
2026-04-12 13:24:26.261: [INFO][SyncManagerImpl::NudgeForInitialDownload] Initial download nudge for Preferences
2026-04-12 13:24:26.261: [INFO][SyncManagerImpl::NudgeForInitialDownload] Initial download nudge for Extensions
2026-04-12 13:24:26.261: [INFO][SyncManagerImpl::NudgeForInitialDownload] Initial download nudge for Sessions
2026-04-12 13:24:26.261: [INFO][SyncManagerImpl::NudgeForInitialDownload] Initial download nudge for Extension settings
2026-04-12 13:24:26.261: [INFO][SyncManagerImpl::NudgeForInitialDownload] Initial download nudge for History Delete Directives
2026-04-12 13:24:26.261: [INFO][SyncManagerImpl::NudgeForInitialDownload] Initial download nudge for Device Info
2026-04-12 13:24:26.261: [INFO][SyncManagerImpl::NudgeForInitialDownload] Initial download nudge for Send Tab To Self
2026-04-12 13:24:26.261: [INFO][SyncManagerImpl::NudgeForInitialDownload] Initial download nudge for Web Apps
2026-04-12 13:24:26.261: [INFO][SyncManagerImpl::NudgeForInitialDownload] Initial download nudge for History
2026-04-12 13:24:26.261: [INFO][SyncManagerImpl::NudgeForInitialDownload] Initial download nudge for Saved Tab Group
2026-04-12 13:24:26.261: [INFO][SyncManagerImpl::NudgeForInitialDownload] Initial download nudge for WebAuthn Credentials
2026-04-12 13:24:26.261: [INFO][SyncManagerImpl::NudgeForInitialDownload] Initial download nudge for Collection
2026-04-12 13:24:26.261: [INFO][SyncManagerImpl::NudgeForInitialDownload] Initial download nudge for Edge E Drop
2026-04-12 13:24:26.261: [INFO][SyncManagerImpl::NudgeForInitialDownload] Initial download nudge for Edge Hub App Usage
2026-04-12 13:24:26.261: [INFO][SyncManagerImpl::NudgeForInitialDownload] Initial download nudge for Edge Wallet
2026-04-12 13:24:26.261: [INFO][SyncManagerImpl::NudgeForInitialDownload] Initial download nudge for Edge Workspace
2026-04-12 13:24:26.261: [INFO][SyncManagerImpl::ConfigureSyncer] Types to download:  with reason: 4
2026-04-12 13:24:26.261: [INFO][SyncEngineBackend::DoFinishConfigureDataTypes] Failed to download types:  and succeeded types: 
2026-04-12 13:24:26.261: [INFO][Sync] Started DataTypeManager configuration, reason: 5
2026-04-12 13:24:26.261: [INFO][Sync] Configuring for: Bookmarks, Preferences, Passwords, Autofill Profiles, Autofill, Extensions, Sessions, Extension settings, History Delete Directives, Device Info, User Consents, Send Tab To Self, Web Apps, History, Saved Tab Group, WebAuthn Credentials, Collection, Edge E Drop, Edge Hub App Usage, Edge Wallet, Edge Workspace, Encryption Keys, reason: 5, current state: 1
2026-04-12 13:24:26.266: [INFO][Sync] ConfigurationDone, failed: , succeeded: , remaining count: 4
2026-04-12 13:24:26.266: [WARN][Sync]     Reconfigure requested while configuration ongoing.
2026-04-12 13:24:26.266: [INFO][Sync] Configuring for: Bookmarks, Preferences, Passwords, Autofill Profiles, Autofill, Extensions, Sessions, Extension settings, History Delete Directives, Device Info, User Consents, Send Tab To Self, Web Apps, History, Saved Tab Group, WebAuthn Credentials, Collection, Edge E Drop, Edge Hub App Usage, Edge Wallet, Edge Workspace, Encryption Keys, reason: 5, current state: 2
2026-04-12 13:24:26.266: [INFO][Sync] Configure, desired: Bookmarks, Preferences, Passwords, Autofill Profiles, Autofill, Extensions, Sessions, Extension settings, History Delete Directives, Device Info, User Consents, Send Tab To Self, Web Apps, History, Saved Tab Group, WebAuthn Credentials, Collection, Edge E Drop, Edge Hub App Usage, Edge Wallet, Edge Workspace, Encryption Keys; Allow fail: 
2026-04-12 13:24:26.266: [INFO][Sync] Loading: Passwords
2026-04-12 13:24:26.266: [INFO][Sync] Loading: Autofill Profiles
2026-04-12 13:24:26.266: [INFO][Sync] Loading: Autofill
2026-04-12 13:24:26.267: [INFO][Sync] All data types are ready for configure.
2026-04-12 13:24:26.267: [INFO][SyncManagerImpl::NudgeForInitialDownload] Initial download nudge for Passwords
2026-04-12 13:24:26.267: [INFO][SyncManagerImpl::NudgeForInitialDownload] Initial download nudge for Autofill Profiles
2026-04-12 13:24:26.267: [INFO][SyncManagerImpl::NudgeForInitialDownload] Initial download nudge for Autofill
2026-04-12 13:24:26.267: [INFO][SyncManagerImpl::ConfigureSyncer] Types to download:  with reason: 5
2026-04-12 13:24:26.267: [INFO][SyncEngineBackend::DoFinishConfigureDataTypes] Failed to download types:  and succeeded types: 
2026-04-12 13:24:26.267: [INFO][Sync] ConfigurationDone, failed: , succeeded: , remaining count: 4
2026-04-12 13:24:26.267: [INFO][Sync] Prepare to configure types: Preferences, Passwords, Device Info, Send Tab To Self, Edge E Drop, Encryption Keys
2026-04-12 13:24:26.267: [INFO][SyncManagerImpl::ConfigureSyncer] Types to download: Preferences, Passwords, Device Info, Send Tab To Self, Edge E Drop, Encryption Keys with reason: 5
2026-04-12 13:24:26.267: [INFO][SyncSchedulerImpl::DoConfigurationSyncCycleJob] Blocked types:  and types to download: Preferences, Passwords, Device Info, Send Tab To Self, Edge E Drop, Encryption Keys
2026-04-12 13:24:26.457: [INFO][SyncEngineBackend::DoFinishConfigureDataTypes] Failed to download types:  and succeeded types: Preferences, Passwords, Device Info, Send Tab To Self, Edge E Drop, Encryption Keys
2026-04-12 13:24:26.460: [INFO][Sync] ConfigurationDone, failed: , succeeded: Preferences, Passwords, Device Info, Send Tab To Self, Edge E Drop, Encryption Keys, remaining count: 3
2026-04-12 13:24:26.460: [INFO][Sync] Prepare to configure types: Bookmarks, Encryption Keys
2026-04-12 13:24:26.460: [INFO][SyncManagerImpl::ConfigureSyncer] Types to download: Bookmarks, Encryption Keys with reason: 5
2026-04-12 13:24:26.460: [INFO][SyncSchedulerImpl::DoConfigurationSyncCycleJob] Blocked types:  and types to download: Bookmarks, Encryption Keys
2026-04-12 13:24:26.556: [INFO][SyncEngineBackend::DoFinishConfigureDataTypes] Failed to download types:  and succeeded types: Bookmarks, Encryption Keys
2026-04-12 13:24:26.559: [INFO][Sync] ConfigurationDone, failed: , succeeded: Bookmarks, Encryption Keys, remaining count: 2
2026-04-12 13:24:26.559: [INFO][Sync] Prepare to configure types: Autofill Profiles, Autofill, Extensions, Sessions, Extension settings, History Delete Directives, Web Apps, Saved Tab Group, WebAuthn Credentials, Collection, Edge Hub App Usage, Edge Wallet, Edge Workspace, Encryption Keys
2026-04-12 13:24:26.559: [INFO][SyncManagerImpl::ConfigureSyncer] Types to download: Autofill Profiles, Autofill, Extensions, Sessions, Extension settings, History Delete Directives, Web Apps, Saved Tab Group, WebAuthn Credentials, Collection, Edge Hub App Usage, Edge Wallet, Edge Workspace, Encryption Keys with reason: 5
2026-04-12 13:24:26.559: [INFO][SyncSchedulerImpl::DoConfigurationSyncCycleJob] Blocked types:  and types to download: Autofill Profiles, Autofill, Extensions, Sessions, Extension settings, History Delete Directives, Web Apps, Saved Tab Group, WebAuthn Credentials, Collection, Edge Hub App Usage, Edge Wallet, Edge Workspace, Encryption Keys
2026-04-12 13:24:26.724: [INFO][SyncEngineBackend::DoFinishConfigureDataTypes] Failed to download types:  and succeeded types: Autofill Profiles, Autofill, Extensions, Sessions, Extension settings, History Delete Directives, Web Apps, Saved Tab Group, WebAuthn Credentials, Collection, Edge Hub App Usage, Edge Wallet, Edge Workspace, Encryption Keys
2026-04-12 13:24:26.728: [INFO][Sync] ConfigurationDone, failed: , succeeded: Autofill Profiles, Autofill, Extensions, Sessions, Extension settings, History Delete Directives, Web Apps, Saved Tab Group, WebAuthn Credentials, Collection, Edge Hub App Usage, Edge Wallet, Edge Workspace, Encryption Keys, remaining count: 1
2026-04-12 13:24:26.732: [INFO][Sync] Prepare to configure types: History, Encryption Keys
2026-04-12 13:24:26.732: [INFO][SyncManagerImpl::ConfigureSyncer] Types to download: History, Encryption Keys with reason: 5
2026-04-12 13:24:26.732: [INFO][SyncSchedulerImpl::DoConfigurationSyncCycleJob] Blocked types:  and types to download: History, Encryption Keys
2026-04-12 13:24:27.009: [INFO][SyncEngineBackend::DoFinishConfigureDataTypes] Failed to download types:  and succeeded types: History, Encryption Keys
2026-04-12 13:24:27.014: [INFO][Sync] ConfigurationDone, failed: , succeeded: History, Encryption Keys, remaining count: 0
2026-04-12 13:24:27.017: [INFO][Sync]     Configuration completed, state: 7
2026-04-12 13:24:27.018: [INFO][Sync] Configured DataTypeManager: Ok
2026-04-12 13:24:27.021: [INFO][SyncEngineBackend::DoStartSyncing] Start syncing
2026-04-12 14:49:16.798: [INFO][Sync] Reset engine, reason: 0
2026-04-12 14:49:16.798: [INFO][Sync] Reset engine with reason: 0
2026-04-12 14:49:55.870: [INFO][Sync] SyncState after authenticated was: FeatureCanStart
2026-04-12 14:49:58.021: [INFO][SyncAuthManager::SetLastAuthError] Current auth error: None
2026-04-12 14:49:58.021: [INFO][SyncAuthManager::EdgeLogTokenErrorState] Token error with: None for account type: MSA
2026-04-12 14:49:58.021: [INFO][Sync] Credentials changed for: EdgeSyncKeyDataScope
2026-04-12 14:50:02.657: [INFO][Sync] Try to start sync engine
2026-04-12 14:50:02.682: [INFO][SyncManagerImpl::NudgeForInitialDownload] Initial download nudge for Encryption Keys
2026-04-12 14:50:02.682: [INFO][SyncEngineBackend::LoadAndConnectNigoriController] Load and connect Nigori controller
2026-04-12 14:50:02.682: [INFO][SyncEngineBackend::DoInitialize] Control Types added: Encryption Keys
2026-04-12 14:50:02.682: [INFO][SyncManagerImpl::ConfigureSyncer] Types to download: Encryption Keys with reason: 3
2026-04-12 14:50:02.682: [INFO][SyncEngineBackend::DoUpdateKeyDataCredentials] Update key data credentials
2026-04-12 14:50:02.682: [INFO][SyncSchedulerImpl::DoConfigurationSyncCycleJob] Configure job was blocked
2026-04-12 14:50:02.687: [INFO][SyncAuthManager::SetLastAuthError] Current auth error: None
2026-04-12 14:50:02.687: [INFO][SyncAuthManager::EdgeLogTokenErrorState] Token error with: None for account type: MSA
2026-04-12 14:50:02.687: [INFO][Sync] Credentials changed for: EdgeSyncScopeNew
2026-04-12 14:50:02.688: [INFO][SyncEngineBackend::DoUpdateCredentials] Update credentials
2026-04-12 14:50:02.688: [INFO][SyncEngineBackend::DoUpdateKeyDataCredentials] Update key data credentials
2026-04-12 14:50:02.688: [INFO][SyncSchedulerImpl::DoConfigurationSyncCycleJob] Blocked types:  and types to download: Encryption Keys
2026-04-12 14:50:02.930: [INFO][Sync] Started DataTypeManager configuration, reason: 4
2026-04-12 14:50:02.930: [INFO][Sync] Configuring for: Bookmarks, Preferences, Passwords, Autofill Profiles, Autofill, Extensions, Sessions, Extension settings, History Delete Directives, Device Info, User Consents, Send Tab To Self, Web Apps, History, Saved Tab Group, WebAuthn Credentials, Collection, Edge E Drop, Edge Hub App Usage, Edge Wallet, Edge Workspace, Encryption Keys, reason: 4, current state: 0
2026-04-12 14:50:02.930: [WARN][Sync] Crypto error data types: Passwords, Autofill Profiles, Autofill
2026-04-12 14:50:02.931: [INFO][Sync] Configure, desired: Bookmarks, Preferences, Extensions, Sessions, Extension settings, History Delete Directives, Device Info, User Consents, Send Tab To Self, Web Apps, History, Saved Tab Group, WebAuthn Credentials, Collection, Edge E Drop, Edge Hub App Usage, Edge Wallet, Edge Workspace, Encryption Keys; Allow fail: Passwords, Autofill Profiles, Autofill
2026-04-12 14:50:02.931: [INFO][Sync] Loading: Bookmarks
2026-04-12 14:50:02.931: [INFO][Sync] Loading: Preferences
2026-04-12 14:50:02.931: [INFO][Sync] Loading: Extensions
2026-04-12 14:50:02.931: [INFO][Sync] Loading: Sessions
2026-04-12 14:50:02.931: [INFO][Sync] Loading: Extension settings
2026-04-12 14:50:02.931: [INFO][Sync] Loading: History Delete Directives
2026-04-12 14:50:02.931: [INFO][Sync] Loading: Device Info
2026-04-12 14:50:02.931: [INFO][Sync] Loading: User Consents
2026-04-12 14:50:02.931: [INFO][Sync] Loading: Send Tab To Self
2026-04-12 14:50:02.931: [INFO][Sync] Loading: Web Apps
2026-04-12 14:50:02.931: [INFO][Sync] Loading: History
2026-04-12 14:50:02.931: [INFO][Sync] Loading: Saved Tab Group
2026-04-12 14:50:02.932: [INFO][Sync] Loading: WebAuthn Credentials
2026-04-12 14:50:02.932: [INFO][Sync] Loading: Collection
2026-04-12 14:50:02.932: [INFO][Sync] Loading: Edge E Drop
2026-04-12 14:50:02.932: [INFO][Sync] Loading: Edge Hub App Usage
2026-04-12 14:50:02.932: [INFO][Sync] Loading: Edge Wallet
2026-04-12 14:50:02.932: [INFO][Sync] Loading: Edge Workspace
2026-04-12 14:50:02.937: [INFO][Sync] All data types are ready for configure.
2026-04-12 14:50:04.225: [INFO][Sync] Started DataTypeManager configuration, reason: 5
2026-04-12 14:50:04.225: [INFO][Sync] Configuring for: Bookmarks, Preferences, Passwords, Autofill Profiles, Autofill, Extensions, Sessions, Extension settings, History Delete Directives, Device Info, User Consents, Send Tab To Self, Web Apps, History, Saved Tab Group, WebAuthn Credentials, Collection, Edge E Drop, Edge Hub App Usage, Edge Wallet, Edge Workspace, Encryption Keys, reason: 5, current state: 1
2026-04-12 14:50:04.227: [INFO][SyncEngineBackend::DoStartConfiguration] Start configuration
2026-04-12 14:50:04.227: [INFO][SyncManagerImpl::ConfigureSyncer] Types to download:  with reason: 4
2026-04-12 14:50:04.227: [INFO][SyncEngineBackend::DoFinishConfigureDataTypes] Failed to download types:  and succeeded types: 
2026-04-12 14:50:04.228: [INFO][Sync] ConfigurationDone, failed: , succeeded: , remaining count: 4
2026-04-12 14:50:04.228: [WARN][Sync]     Reconfigure requested while configuration ongoing.
2026-04-12 14:50:04.228: [INFO][Sync] Configuring for: Bookmarks, Preferences, Passwords, Autofill Profiles, Autofill, Extensions, Sessions, Extension settings, History Delete Directives, Device Info, User Consents, Send Tab To Self, Web Apps, History, Saved Tab Group, WebAuthn Credentials, Collection, Edge E Drop, Edge Hub App Usage, Edge Wallet, Edge Workspace, Encryption Keys, reason: 5, current state: 2
2026-04-12 14:50:04.228: [INFO][Sync] Configure, desired: Bookmarks, Preferences, Passwords, Autofill Profiles, Autofill, Extensions, Sessions, Extension settings, History Delete Directives, Device Info, User Consents, Send Tab To Self, Web Apps, History, Saved Tab Group, WebAuthn Credentials, Collection, Edge E Drop, Edge Hub App Usage, Edge Wallet, Edge Workspace, Encryption Keys; Allow fail: 
2026-04-12 14:50:04.228: [INFO][Sync] Loading: Passwords
2026-04-12 14:50:04.228: [INFO][Sync] Loading: Autofill Profiles
2026-04-12 14:50:04.228: [INFO][Sync] Loading: Autofill
2026-04-12 14:50:04.230: [INFO][Sync] All data types are ready for configure.
2026-04-12 14:50:04.230: [INFO][SyncManagerImpl::NudgeForInitialDownload] Initial download nudge for Passwords
2026-04-12 14:50:04.230: [INFO][SyncManagerImpl::ConfigureSyncer] Types to download:  with reason: 5
2026-04-12 14:50:04.230: [INFO][SyncEngineBackend::DoFinishConfigureDataTypes] Failed to download types:  and succeeded types: 
2026-04-12 14:50:04.230: [INFO][Sync] ConfigurationDone, failed: , succeeded: , remaining count: 4
2026-04-12 14:50:04.230: [INFO][Sync] Prepare to configure types: Passwords, Encryption Keys
2026-04-12 14:50:04.230: [INFO][SyncManagerImpl::ConfigureSyncer] Types to download: Passwords, Encryption Keys with reason: 5
2026-04-12 14:50:04.230: [INFO][SyncSchedulerImpl::DoConfigurationSyncCycleJob] Blocked types:  and types to download: Passwords, Encryption Keys
2026-04-12 14:50:04.339: [INFO][SyncEngineBackend::DoFinishConfigureDataTypes] Failed to download types:  and succeeded types: Passwords, Encryption Keys
2026-04-12 14:50:04.341: [INFO][Sync] ConfigurationDone, failed: , succeeded: Passwords, Encryption Keys, remaining count: 3
2026-04-12 14:50:04.342: [INFO][SyncManagerImpl::ConfigureSyncer] Types to download:  with reason: 5
2026-04-12 14:50:04.342: [INFO][SyncEngineBackend::DoFinishConfigureDataTypes] Failed to download types:  and succeeded types: 
2026-04-12 14:50:04.342: [INFO][Sync] ConfigurationDone, failed: , succeeded: , remaining count: 2
2026-04-12 14:50:04.342: [INFO][SyncManagerImpl::ConfigureSyncer] Types to download:  with reason: 5
2026-04-12 14:50:04.342: [INFO][SyncEngineBackend::DoFinishConfigureDataTypes] Failed to download types:  and succeeded types: 
2026-04-12 14:50:04.342: [INFO][Sync] ConfigurationDone, failed: , succeeded: , remaining count: 1
2026-04-12 14:50:04.344: [INFO][SyncManagerImpl::ConfigureSyncer] Types to download:  with reason: 5
2026-04-12 14:50:04.344: [INFO][SyncEngineBackend::DoFinishConfigureDataTypes] Failed to download types:  and succeeded types: 
2026-04-12 14:50:04.344: [INFO][Sync] ConfigurationDone, failed: , succeeded: , remaining count: 0
2026-04-12 14:50:04.346: [INFO][Sync]     Configuration completed, state: 7
2026-04-12 14:50:04.347: [INFO][Sync] Configured DataTypeManager: Ok
2026-04-12 14:50:04.350: [INFO][SyncEngineBackend::DoStartSyncing] Start syncing
2026-04-12 14:58:40.090: [INFO][Sync] Reset engine, reason: 0
2026-04-12 14:58:40.090: [INFO][Sync] Reset engine with reason: 0
2026-04-12 14:59:22.290: [INFO][Sync] Reset engine, reason: 8
2026-04-12 14:59:22.290: [INFO][Sync] Stopped: Bookmarks
2026-04-12 14:59:22.290: [INFO][Sync] Stopped: Preferences
2026-04-12 14:59:22.290: [INFO][Sync] Stopped: Passwords
2026-04-12 14:59:22.290: [INFO][Sync] Stopped: Autofill Profiles
2026-04-12 14:59:22.290: [INFO][Sync] Stopped: Autofill
2026-04-12 14:59:22.290: [INFO][Sync] Stopped: Extensions
2026-04-12 14:59:22.290: [INFO][Sync] Stopped: Sessions
2026-04-12 14:59:22.290: [INFO][Sync] Stopped: Extension settings
2026-04-12 14:59:22.290: [INFO][Sync] Stopped: History Delete Directives
2026-04-12 14:59:22.290: [INFO][Sync] Stopped: Device Info
2026-04-12 14:59:22.290: [INFO][Sync] Stopped: User Consents
2026-04-12 14:59:22.290: [INFO][Sync] Stopped: Send Tab To Self
2026-04-12 14:59:22.290: [INFO][Sync] Stopped: Web Apps
2026-04-12 14:59:22.290: [INFO][Sync] Stopped: History
2026-04-12 14:59:22.290: [INFO][Sync] Stopped: Saved Tab Group
2026-04-12 14:59:22.290: [INFO][Sync] Stopped: WebAuthn Credentials
2026-04-12 14:59:22.290: [INFO][Sync] Stopped: Collection
2026-04-12 14:59:22.290: [INFO][Sync] Stopped: Edge E Drop
2026-04-12 14:59:22.290: [INFO][Sync] Stopped: Edge Hub App Usage
2026-04-12 14:59:22.290: [INFO][Sync] Stopped: Edge Wallet
2026-04-12 14:59:22.290: [INFO][Sync] Stopped: Edge Workspace
2026-04-12 14:59:22.290: [INFO][Sync] SyncState after authenticated was: NotSignedIn
2026-04-12 14:59:22.473: [INFO][Sync] Reset engine, reason: 8
2026-04-12 14:59:22.473: [INFO][Sync] Stopped: Bookmarks
2026-04-12 14:59:22.473: [INFO][Sync] Stopped: Preferences
2026-04-12 14:59:22.473: [INFO][Sync] Stopped: Passwords
2026-04-12 14:59:22.473: [INFO][Sync] Stopped: Autofill Profiles
2026-04-12 14:59:22.473: [INFO][Sync] Stopped: Autofill
2026-04-12 14:59:22.473: [INFO][Sync] Stopped: Extensions
2026-04-12 14:59:22.473: [INFO][Sync] Stopped: Sessions
2026-04-12 14:59:22.473: [INFO][Sync] Stopped: Extension settings
2026-04-12 14:59:22.473: [INFO][Sync] Stopped: History Delete Directives
2026-04-12 14:59:22.473: [INFO][Sync] Stopped: Device Info
2026-04-12 14:59:22.473: [INFO][Sync] Stopped: User Consents
2026-04-12 14:59:22.473: [INFO][Sync] Stopped: Send Tab To Self
2026-04-12 14:59:22.473: [INFO][Sync] Stopped: Web Apps
2026-04-12 14:59:22.473: [INFO][Sync] Stopped: History
2026-04-12 14:59:22.473: [INFO][Sync] Stopped: Saved Tab Group
2026-04-12 14:59:22.473: [INFO][Sync] Stopped: WebAuthn Credentials
2026-04-12 14:59:22.473: [INFO][Sync] Stopped: Collection
2026-04-12 14:59:22.473: [INFO][Sync] Stopped: Edge E Drop
2026-04-12 14:59:22.473: [INFO][Sync] Stopped: Edge Hub App Usage
2026-04-12 14:59:22.473: [INFO][Sync] Stopped: Edge Wallet
2026-04-12 14:59:22.473: [INFO][Sync] Stopped: Edge Workspace
2026-04-12 14:59:25.250: [INFO][Sync] Try to start sync engine
2026-04-12 14:59:25.251: [INFO][SyncManagerImpl::NudgeForInitialDownload] Initial download nudge for Encryption Keys
2026-04-12 14:59:25.251: [INFO][SyncEngineBackend::LoadAndConnectNigoriController] Load and connect Nigori controller
2026-04-12 14:59:25.251: [INFO][SyncEngineBackend::DoInitialize] Control Types added: Encryption Keys
2026-04-12 14:59:25.251: [INFO][SyncManagerImpl::ConfigureSyncer] Types to download: Encryption Keys with reason: 3
2026-04-12 14:59:25.251: [INFO][SyncSchedulerImpl::DoConfigurationSyncCycleJob] Configure job was blocked
2026-04-12 14:59:25.281: [INFO][SyncAuthManager::SetLastAuthError] Current auth error: None
2026-04-12 14:59:25.281: [INFO][SyncAuthManager::EdgeLogTokenErrorState] Token error with: None for account type: MSA
2026-04-12 14:59:25.281: [INFO][Sync] Credentials changed for: EdgeSyncScopeNew
2026-04-12 14:59:25.898: [INFO][SyncAuthManager::SetLastAuthError] Current auth error: None
2026-04-12 14:59:25.898: [INFO][SyncAuthManager::EdgeLogTokenErrorState] Token error with: None for account type: MSA
2026-04-12 14:59:25.898: [INFO][Sync] Credentials changed for: EdgeSyncKeyDataScope
2026-04-12 14:59:25.898: [INFO][SyncEngineBackend::DoUpdateKeyDataCredentials] Update key data credentials
2026-04-12 14:59:25.898: [INFO][SyncEngineBackend::DoUpdateCredentials] Update credentials
2026-04-12 14:59:25.898: [INFO][SyncSchedulerImpl::DoConfigurationSyncCycleJob] Blocked types:  and types to download: Encryption Keys
2026-04-12 14:59:26.108: [INFO][Sync] Started DataTypeManager configuration, reason: 4
2026-04-12 14:59:26.108: [INFO][Sync] Configuring for: Bookmarks, Preferences, Passwords, Autofill Profiles, Autofill, Extensions, Sessions, Extension settings, History Delete Directives, Device Info, User Consents, Send Tab To Self, Web Apps, History, Saved Tab Group, WebAuthn Credentials, Collection, Edge E Drop, Edge Hub App Usage, Edge Wallet, Edge Workspace, Encryption Keys, reason: 4, current state: 0
2026-04-12 14:59:26.108: [WARN][Sync] Crypto error data types: Passwords, Autofill Profiles, Autofill
2026-04-12 14:59:26.111: [INFO][Sync] Configure, desired: Bookmarks, Preferences, Extensions, Sessions, Extension settings, History Delete Directives, Device Info, User Consents, Send Tab To Self, Web Apps, History, Saved Tab Group, WebAuthn Credentials, Collection, Edge E Drop, Edge Hub App Usage, Edge Wallet, Edge Workspace, Encryption Keys; Allow fail: Passwords, Autofill Profiles, Autofill
2026-04-12 14:59:26.111: [INFO][Sync] Loading: Bookmarks
2026-04-12 14:59:26.111: [INFO][Sync] Loading: Preferences
2026-04-12 14:59:26.111: [INFO][Sync] Loading: Extensions
2026-04-12 14:59:26.111: [INFO][Sync] Loading: Sessions
2026-04-12 14:59:26.111: [INFO][Sync] Loading: Extension settings
2026-04-12 14:59:26.111: [INFO][Sync] Loading: History Delete Directives
2026-04-12 14:59:26.111: [INFO][Sync] Loading: Device Info
2026-04-12 14:59:26.111: [INFO][Sync] Loading: User Consents
2026-04-12 14:59:26.111: [INFO][Sync] Loading: Send Tab To Self
2026-04-12 14:59:26.111: [INFO][Sync] Loading: Web Apps
2026-04-12 14:59:26.111: [INFO][Sync] Loading: History
2026-04-12 14:59:26.111: [INFO][Sync] Loading: Saved Tab Group
2026-04-12 14:59:26.111: [INFO][Sync] Loading: WebAuthn Credentials
2026-04-12 14:59:26.111: [INFO][Sync] Loading: Collection
2026-04-12 14:59:26.111: [INFO][Sync] Loading: Edge E Drop
2026-04-12 14:59:26.111: [INFO][Sync] Loading: Edge Hub App Usage
2026-04-12 14:59:26.111: [INFO][Sync] Loading: Edge Wallet
2026-04-12 14:59:26.111: [INFO][Sync] Loading: Edge Workspace
2026-04-12 14:59:26.120: [INFO][Sync] All data types are ready for configure.
2026-04-12 14:59:26.469: [INFO][Sync] Started DataTypeManager configuration, reason: 5
2026-04-12 14:59:26.469: [INFO][Sync] Configuring for: Bookmarks, Preferences, Passwords, Autofill Profiles, Autofill, Extensions, Sessions, Extension settings, History Delete Directives, Device Info, User Consents, Send Tab To Self, Web Apps, History, Saved Tab Group, WebAuthn Credentials, Collection, Edge E Drop, Edge Hub App Usage, Edge Wallet, Edge Workspace, Encryption Keys, reason: 5, current state: 1
2026-04-12 14:59:26.471: [INFO][SyncEngineBackend::DoStartConfiguration] Start configuration
2026-04-12 14:59:26.471: [INFO][SyncManagerImpl::NudgeForInitialDownload] Initial download nudge for Bookmarks
2026-04-12 14:59:26.471: [INFO][SyncManagerImpl::NudgeForInitialDownload] Initial download nudge for Preferences
2026-04-12 14:59:26.471: [INFO][SyncManagerImpl::NudgeForInitialDownload] Initial download nudge for Extensions
2026-04-12 14:59:26.471: [INFO][SyncManagerImpl::NudgeForInitialDownload] Initial download nudge for Sessions
2026-04-12 14:59:26.471: [INFO][SyncManagerImpl::NudgeForInitialDownload] Initial download nudge for Extension settings
2026-04-12 14:59:26.471: [INFO][SyncManagerImpl::NudgeForInitialDownload] Initial download nudge for History Delete Directives
2026-04-12 14:59:26.471: [INFO][SyncManagerImpl::NudgeForInitialDownload] Initial download nudge for Device Info
2026-04-12 14:59:26.471: [INFO][SyncManagerImpl::NudgeForInitialDownload] Initial download nudge for Send Tab To Self
2026-04-12 14:59:26.471: [INFO][SyncManagerImpl::NudgeForInitialDownload] Initial download nudge for Web Apps
2026-04-12 14:59:26.471: [INFO][SyncManagerImpl::NudgeForInitialDownload] Initial download nudge for History
2026-04-12 14:59:26.471: [INFO][SyncManagerImpl::NudgeForInitialDownload] Initial download nudge for Saved Tab Group
2026-04-12 14:59:26.471: [INFO][SyncManagerImpl::NudgeForInitialDownload] Initial download nudge for WebAuthn Credentials
2026-04-12 14:59:26.471: [INFO][SyncManagerImpl::NudgeForInitialDownload] Initial download nudge for Collection
2026-04-12 14:59:26.471: [INFO][SyncManagerImpl::NudgeForInitialDownload] Initial download nudge for Edge E Drop
2026-04-12 14:59:26.471: [INFO][SyncManagerImpl::NudgeForInitialDownload] Initial download nudge for Edge Hub App Usage
2026-04-12 14:59:26.471: [INFO][SyncManagerImpl::NudgeForInitialDownload] Initial download nudge for Edge Wallet
2026-04-12 14:59:26.471: [INFO][SyncManagerImpl::NudgeForInitialDownload] Initial download nudge for Edge Workspace
2026-04-12 14:59:26.471: [INFO][SyncManagerImpl::ConfigureSyncer] Types to download:  with reason: 4
2026-04-12 14:59:26.471: [INFO][SyncEngineBackend::DoFinishConfigureDataTypes] Failed to download types:  and succeeded types: 
2026-04-12 14:59:26.472: [INFO][Sync] ConfigurationDone, failed: , succeeded: , remaining count: 4
2026-04-12 14:59:26.472: [WARN][Sync]     Reconfigure requested while configuration ongoing.
2026-04-12 14:59:26.472: [INFO][Sync] Configuring for: Bookmarks, Preferences, Passwords, Autofill Profiles, Autofill, Extensions, Sessions, Extension settings, History Delete Directives, Device Info, User Consents, Send Tab To Self, Web Apps, History, Saved Tab Group, WebAuthn Credentials, Collection, Edge E Drop, Edge Hub App Usage, Edge Wallet, Edge Workspace, Encryption Keys, reason: 5, current state: 2
2026-04-12 14:59:26.472: [INFO][Sync] Configure, desired: Bookmarks, Preferences, Passwords, Autofill Profiles, Autofill, Extensions, Sessions, Extension settings, History Delete Directives, Device Info, User Consents, Send Tab To Self, Web Apps, History, Saved Tab Group, WebAuthn Credentials, Collection, Edge E Drop, Edge Hub App Usage, Edge Wallet, Edge Workspace, Encryption Keys; Allow fail: 
2026-04-12 14:59:26.472: [INFO][Sync] Loading: Passwords
2026-04-12 14:59:26.472: [INFO][Sync] Loading: Autofill Profiles
2026-04-12 14:59:26.472: [INFO][Sync] Loading: Autofill
2026-04-12 14:59:26.472: [INFO][Sync] All data types are ready for configure.
2026-04-12 14:59:26.472: [INFO][SyncManagerImpl::NudgeForInitialDownload] Initial download nudge for Passwords
2026-04-12 14:59:26.473: [INFO][SyncManagerImpl::NudgeForInitialDownload] Initial download nudge for Autofill Profiles
2026-04-12 14:59:26.473: [INFO][SyncManagerImpl::NudgeForInitialDownload] Initial download nudge for Autofill
2026-04-12 14:59:26.473: [INFO][SyncManagerImpl::ConfigureSyncer] Types to download:  with reason: 5
2026-04-12 14:59:26.473: [INFO][SyncEngineBackend::DoFinishConfigureDataTypes] Failed to download types:  and succeeded types: 
2026-04-12 14:59:26.473: [INFO][Sync] ConfigurationDone, failed: , succeeded: , remaining count: 4
2026-04-12 14:59:26.473: [INFO][Sync] Prepare to configure types: Preferences, Passwords, Device Info, Send Tab To Self, Edge E Drop, Encryption Keys
2026-04-12 14:59:26.473: [INFO][SyncManagerImpl::ConfigureSyncer] Types to download: Preferences, Passwords, Device Info, Send Tab To Self, Edge E Drop, Encryption Keys with reason: 5
2026-04-12 14:59:26.473: [INFO][SyncSchedulerImpl::DoConfigurationSyncCycleJob] Blocked types:  and types to download: Preferences, Passwords, Device Info, Send Tab To Self, Edge E Drop, Encryption Keys
2026-04-12 14:59:26.637: [INFO][SyncEngineBackend::DoFinishConfigureDataTypes] Failed to download types:  and succeeded types: Preferences, Passwords, Device Info, Send Tab To Self, Edge E Drop, Encryption Keys
2026-04-12 14:59:26.640: [INFO][Sync] ConfigurationDone, failed: , succeeded: Preferences, Passwords, Device Info, Send Tab To Self, Edge E Drop, Encryption Keys, remaining count: 3
2026-04-12 14:59:26.640: [INFO][Sync] Prepare to configure types: Bookmarks, Encryption Keys
2026-04-12 14:59:26.640: [INFO][SyncManagerImpl::ConfigureSyncer] Types to download: Bookmarks, Encryption Keys with reason: 5
2026-04-12 14:59:26.640: [INFO][SyncSchedulerImpl::DoConfigurationSyncCycleJob] Blocked types:  and types to download: Bookmarks, Encryption Keys
2026-04-12 14:59:26.735: [INFO][SyncEngineBackend::DoFinishConfigureDataTypes] Failed to download types:  and succeeded types: Bookmarks, Encryption Keys
2026-04-12 14:59:26.738: [INFO][Sync] ConfigurationDone, failed: , succeeded: Bookmarks, Encryption Keys, remaining count: 2
2026-04-12 14:59:26.738: [INFO][Sync] Prepare to configure types: Autofill Profiles, Autofill, Extensions, Sessions, Extension settings, History Delete Directives, Web Apps, Saved Tab Group, WebAuthn Credentials, Collection, Edge Hub App Usage, Edge Wallet, Edge Workspace, Encryption Keys
2026-04-12 14:59:26.738: [INFO][SyncManagerImpl::ConfigureSyncer] Types to download: Autofill Profiles, Autofill, Extensions, Sessions, Extension settings, History Delete Directives, Web Apps, Saved Tab Group, WebAuthn Credentials, Collection, Edge Hub App Usage, Edge Wallet, Edge Workspace, Encryption Keys with reason: 5
2026-04-12 14:59:26.738: [INFO][SyncSchedulerImpl::DoConfigurationSyncCycleJob] Blocked types:  and types to download: Autofill Profiles, Autofill, Extensions, Sessions, Extension settings, History Delete Directives, Web Apps, Saved Tab Group, WebAuthn Credentials, Collection, Edge Hub App Usage, Edge Wallet, Edge Workspace, Encryption Keys
2026-04-12 14:59:26.941: [INFO][SyncEngineBackend::DoFinishConfigureDataTypes] Failed to download types:  and succeeded types: Autofill Profiles, Autofill, Extensions, Sessions, Extension settings, History Delete Directives, Web Apps, Saved Tab Group, WebAuthn Credentials, Collection, Edge Hub App Usage, Edge Wallet, Edge Workspace, Encryption Keys
2026-04-12 14:59:26.944: [INFO][Sync] ConfigurationDone, failed: , succeeded: Autofill Profiles, Autofill, Extensions, Sessions, Extension settings, History Delete Directives, Web Apps, Saved Tab Group, WebAuthn Credentials, Collection, Edge Hub App Usage, Edge Wallet, Edge Workspace, Encryption Keys, remaining count: 1
2026-04-12 14:59:26.947: [INFO][Sync] Prepare to configure types: History, Encryption Keys
2026-04-12 14:59:26.947: [INFO][SyncManagerImpl::ConfigureSyncer] Types to download: History, Encryption Keys with reason: 5
2026-04-12 14:59:26.947: [INFO][SyncSchedulerImpl::DoConfigurationSyncCycleJob] Blocked types:  and types to download: History, Encryption Keys
2026-04-12 14:59:27.238: [INFO][SyncEngineBackend::DoFinishConfigureDataTypes] Failed to download types:  and succeeded types: History, Encryption Keys
2026-04-12 14:59:27.242: [INFO][Sync] ConfigurationDone, failed: , succeeded: History, Encryption Keys, remaining count: 0
2026-04-12 14:59:27.244: [INFO][Sync]     Configuration completed, state: 7
2026-04-12 14:59:27.244: [INFO][Sync] Configured DataTypeManager: Ok
2026-04-12 14:59:27.249: [INFO][SyncEngineBackend::DoStartSyncing] Start syncing
2026-04-12 15:45:42.254: [INFO][Sync] Reset engine, reason: 0
2026-04-12 15:45:42.254: [INFO][Sync] Reset engine with reason: 0
2026-04-12 15:46:16.851: [INFO][Sync] SyncState after authenticated was: FeatureCanStart
2026-04-12 15:46:24.008: [INFO][SyncAuthManager::SetLastAuthError] Current auth error: None
2026-04-12 15:46:24.008: [INFO][SyncAuthManager::EdgeLogTokenErrorState] Token error with: None for account type: MSA
2026-04-12 15:46:24.008: [INFO][Sync] Credentials changed for: EdgeSyncKeyDataScope
2026-04-12 15:46:26.949: [INFO][Sync] Try to start sync engine
2026-04-12 15:46:26.950: [INFO][SyncManagerImpl::NudgeForInitialDownload] Initial download nudge for Encryption Keys
2026-04-12 15:46:26.950: [INFO][SyncEngineBackend::LoadAndConnectNigoriController] Load and connect Nigori controller
2026-04-12 15:46:26.950: [INFO][SyncEngineBackend::DoInitialize] Control Types added: Encryption Keys
2026-04-12 15:46:26.950: [INFO][SyncManagerImpl::ConfigureSyncer] Types to download: Encryption Keys with reason: 3
2026-04-12 15:46:26.950: [INFO][SyncEngineBackend::DoUpdateKeyDataCredentials] Update key data credentials
2026-04-12 15:46:26.950: [INFO][SyncSchedulerImpl::DoConfigurationSyncCycleJob] Configure job was blocked
2026-04-12 15:46:26.957: [INFO][SyncAuthManager::SetLastAuthError] Current auth error: None
2026-04-12 15:46:26.957: [INFO][SyncAuthManager::EdgeLogTokenErrorState] Token error with: None for account type: MSA
2026-04-12 15:46:26.957: [INFO][Sync] Credentials changed for: EdgeSyncScopeNew
2026-04-12 15:46:26.957: [INFO][SyncEngineBackend::DoUpdateCredentials] Update credentials
2026-04-12 15:46:26.957: [INFO][SyncEngineBackend::DoUpdateKeyDataCredentials] Update key data credentials
2026-04-12 15:46:26.957: [INFO][SyncSchedulerImpl::DoConfigurationSyncCycleJob] Blocked types:  and types to download: Encryption Keys
2026-04-12 15:46:27.299: [INFO][Sync] Started DataTypeManager configuration, reason: 4
2026-04-12 15:46:27.299: [INFO][Sync] Configuring for: Bookmarks, Preferences, Passwords, Autofill Profiles, Autofill, Extensions, Sessions, Extension settings, History Delete Directives, Device Info, User Consents, Send Tab To Self, Web Apps, History, Saved Tab Group, WebAuthn Credentials, Collection, Edge E Drop, Edge Hub App Usage, Edge Wallet, Edge Workspace, Encryption Keys, reason: 4, current state: 0
2026-04-12 15:46:27.299: [WARN][Sync] Crypto error data types: Passwords, Autofill Profiles, Autofill
2026-04-12 15:46:27.301: [INFO][Sync] Configure, desired: Bookmarks, Preferences, Extensions, Sessions, Extension settings, History Delete Directives, Device Info, User Consents, Send Tab To Self, Web Apps, History, Saved Tab Group, WebAuthn Credentials, Collection, Edge E Drop, Edge Hub App Usage, Edge Wallet, Edge Workspace, Encryption Keys; Allow fail: Passwords, Autofill Profiles, Autofill
2026-04-12 15:46:27.301: [INFO][Sync] Loading: Bookmarks
2026-04-12 15:46:27.301: [INFO][Sync] Loading: Preferences
2026-04-12 15:46:27.301: [INFO][Sync] Loading: Extensions
2026-04-12 15:46:27.301: [INFO][Sync] Loading: Sessions
2026-04-12 15:46:27.301: [INFO][Sync] Loading: Extension settings
2026-04-12 15:46:27.301: [INFO][Sync] Loading: History Delete Directives
2026-04-12 15:46:27.302: [INFO][Sync] Loading: Device Info
2026-04-12 15:46:27.302: [INFO][Sync] Loading: User Consents
2026-04-12 15:46:27.302: [INFO][Sync] Loading: Send Tab To Self
2026-04-12 15:46:27.302: [INFO][Sync] Loading: Web Apps
2026-04-12 15:46:27.302: [INFO][Sync] Loading: History
2026-04-12 15:46:27.302: [INFO][Sync] Loading: Saved Tab Group
2026-04-12 15:46:27.302: [INFO][Sync] Loading: WebAuthn Credentials
2026-04-12 15:46:27.302: [INFO][Sync] Loading: Collection
2026-04-12 15:46:27.302: [INFO][Sync] Loading: Edge E Drop
2026-04-12 15:46:27.302: [INFO][Sync] Loading: Edge Hub App Usage
2026-04-12 15:46:27.302: [INFO][Sync] Loading: Edge Wallet
2026-04-12 15:46:27.302: [INFO][Sync] Loading: Edge Workspace
2026-04-12 15:46:27.309: [INFO][Sync] All data types are ready for configure.
2026-04-12 15:46:27.665: [INFO][Sync] Started DataTypeManager configuration, reason: 5
2026-04-12 15:46:27.665: [INFO][Sync] Configuring for: Bookmarks, Preferences, Passwords, Autofill Profiles, Autofill, Extensions, Sessions, Extension settings, History Delete Directives, Device Info, User Consents, Send Tab To Self, Web Apps, History, Saved Tab Group, WebAuthn Credentials, Collection, Edge E Drop, Edge Hub App Usage, Edge Wallet, Edge Workspace, Encryption Keys, reason: 5, current state: 1
2026-04-12 15:46:27.669: [INFO][SyncEngineBackend::DoStartConfiguration] Start configuration
2026-04-12 15:46:27.669: [INFO][SyncManagerImpl::ConfigureSyncer] Types to download:  with reason: 4
2026-04-12 15:46:27.669: [INFO][SyncEngineBackend::DoFinishConfigureDataTypes] Failed to download types:  and succeeded types: 
2026-04-12 15:46:27.675: [INFO][Sync] ConfigurationDone, failed: , succeeded: , remaining count: 4
2026-04-12 15:46:27.675: [WARN][Sync]     Reconfigure requested while configuration ongoing.
2026-04-12 15:46:27.675: [INFO][Sync] Configuring for: Bookmarks, Preferences, Passwords, Autofill Profiles, Autofill, Extensions, Sessions, Extension settings, History Delete Directives, Device Info, User Consents, Send Tab To Self, Web Apps, History, Saved Tab Group, WebAuthn Credentials, Collection, Edge E Drop, Edge Hub App Usage, Edge Wallet, Edge Workspace, Encryption Keys, reason: 5, current state: 2
2026-04-12 15:46:27.675: [INFO][Sync] Configure, desired: Bookmarks, Preferences, Passwords, Autofill Profiles, Autofill, Extensions, Sessions, Extension settings, History Delete Directives, Device Info, User Consents, Send Tab To Self, Web Apps, History, Saved Tab Group, WebAuthn Credentials, Collection, Edge E Drop, Edge Hub App Usage, Edge Wallet, Edge Workspace, Encryption Keys; Allow fail: 
2026-04-12 15:46:27.675: [INFO][Sync] Loading: Passwords
2026-04-12 15:46:27.675: [INFO][Sync] Loading: Autofill Profiles
2026-04-12 15:46:27.675: [INFO][Sync] Loading: Autofill
2026-04-12 15:46:27.675: [INFO][Sync] All data types are ready for configure.
2026-04-12 15:46:27.675: [INFO][SyncManagerImpl::NudgeForInitialDownload] Initial download nudge for Passwords
2026-04-12 15:46:27.675: [INFO][SyncManagerImpl::ConfigureSyncer] Types to download:  with reason: 5
2026-04-12 15:46:27.675: [INFO][SyncEngineBackend::DoFinishConfigureDataTypes] Failed to download types:  and succeeded types: 
2026-04-12 15:46:27.675: [INFO][Sync] ConfigurationDone, failed: , succeeded: , remaining count: 4
2026-04-12 15:46:27.675: [INFO][Sync] Prepare to configure types: Passwords, Encryption Keys
2026-04-12 15:46:27.676: [INFO][SyncManagerImpl::ConfigureSyncer] Types to download: Passwords, Encryption Keys with reason: 5
2026-04-12 15:46:27.676: [INFO][SyncSchedulerImpl::DoConfigurationSyncCycleJob] Blocked types:  and types to download: Passwords, Encryption Keys
2026-04-12 15:46:27.800: [INFO][SyncEngineBackend::DoFinishConfigureDataTypes] Failed to download types:  and succeeded types: Passwords, Encryption Keys
2026-04-12 15:46:27.803: [INFO][Sync] ConfigurationDone, failed: , succeeded: Passwords, Encryption Keys, remaining count: 3
2026-04-12 15:46:27.803: [INFO][SyncManagerImpl::ConfigureSyncer] Types to download:  with reason: 5
2026-04-12 15:46:27.803: [INFO][SyncEngineBackend::DoFinishConfigureDataTypes] Failed to download types:  and succeeded types: 
2026-04-12 15:46:27.806: [INFO][Sync] ConfigurationDone, failed: , succeeded: , remaining count: 2
2026-04-12 15:46:27.807: [INFO][SyncManagerImpl::ConfigureSyncer] Types to download:  with reason: 5
2026-04-12 15:46:27.807: [INFO][SyncEngineBackend::DoFinishConfigureDataTypes] Failed to download types:  and succeeded types: 
2026-04-12 15:46:27.807: [INFO][Sync] ConfigurationDone, failed: , succeeded: , remaining count: 1
2026-04-12 15:46:27.809: [INFO][SyncManagerImpl::ConfigureSyncer] Types to download:  with reason: 5
2026-04-12 15:46:27.809: [INFO][SyncEngineBackend::DoFinishConfigureDataTypes] Failed to download types:  and succeeded types: 
2026-04-12 15:46:27.810: [INFO][Sync] ConfigurationDone, failed: , succeeded: , remaining count: 0
2026-04-12 15:46:27.812: [INFO][Sync]     Configuration completed, state: 7
2026-04-12 15:46:27.812: [INFO][Sync] Configured DataTypeManager: Ok
2026-04-12 15:46:27.815: [INFO][SyncEngineBackend::DoStartSyncing] Start syncing
2026-04-12 15:51:15.311: [INFO][Sync] Reset engine, reason: 0
2026-04-12 15:51:15.311: [INFO][Sync] Reset engine with reason: 0
2026-04-12 15:51:46.979: [INFO][Sync] Reset engine, reason: 8
2026-04-12 15:51:46.979: [INFO][Sync] Stopped: Bookmarks
2026-04-12 15:51:46.979: [INFO][Sync] Stopped: Preferences
2026-04-12 15:51:46.979: [INFO][Sync] Stopped: Passwords
2026-04-12 15:51:46.979: [INFO][Sync] Stopped: Autofill Profiles
2026-04-12 15:51:46.979: [INFO][Sync] Stopped: Autofill
2026-04-12 15:51:46.979: [INFO][Sync] Stopped: Extensions
2026-04-12 15:51:46.979: [INFO][Sync] Stopped: Sessions
2026-04-12 15:51:46.979: [INFO][Sync] Stopped: Extension settings
2026-04-12 15:51:46.979: [INFO][Sync] Stopped: History Delete Directives
2026-04-12 15:51:46.979: [INFO][Sync] Stopped: Device Info
2026-04-12 15:51:46.979: [INFO][Sync] Stopped: User Consents
2026-04-12 15:51:46.979: [INFO][Sync] Stopped: Send Tab To Self
2026-04-12 15:51:46.979: [INFO][Sync] Stopped: Web Apps
2026-04-12 15:51:46.979: [INFO][Sync] Stopped: History
2026-04-12 15:51:46.979: [INFO][Sync] Stopped: Saved Tab Group
2026-04-12 15:51:46.979: [INFO][Sync] Stopped: WebAuthn Credentials
2026-04-12 15:51:46.979: [INFO][Sync] Stopped: Collection
2026-04-12 15:51:46.979: [INFO][Sync] Stopped: Edge E Drop
2026-04-12 15:51:46.979: [INFO][Sync] Stopped: Edge Hub App Usage
2026-04-12 15:51:46.979: [INFO][Sync] Stopped: Edge Wallet
2026-04-12 15:51:46.979: [INFO][Sync] Stopped: Edge Workspace
2026-04-12 15:51:46.979: [INFO][Sync] SyncState after authenticated was: NotSignedIn
2026-04-12 15:51:47.145: [INFO][Sync] Reset engine, reason: 8
2026-04-12 15:51:47.145: [INFO][Sync] Stopped: Bookmarks
2026-04-12 15:51:47.145: [INFO][Sync] Stopped: Preferences
2026-04-12 15:51:47.145: [INFO][Sync] Stopped: Passwords
2026-04-12 15:51:47.145: [INFO][Sync] Stopped: Autofill Profiles
2026-04-12 15:51:47.145: [INFO][Sync] Stopped: Autofill
2026-04-12 15:51:47.145: [INFO][Sync] Stopped: Extensions
2026-04-12 15:51:47.145: [INFO][Sync] Stopped: Sessions
2026-04-12 15:51:47.145: [INFO][Sync] Stopped: Extension settings
2026-04-12 15:51:47.145: [INFO][Sync] Stopped: History Delete Directives
2026-04-12 15:51:47.145: [INFO][Sync] Stopped: Device Info
2026-04-12 15:51:47.145: [INFO][Sync] Stopped: User Consents
2026-04-12 15:51:47.145: [INFO][Sync] Stopped: Send Tab To Self
2026-04-12 15:51:47.145: [INFO][Sync] Stopped: Web Apps
2026-04-12 15:51:47.145: [INFO][Sync] Stopped: History
2026-04-12 15:51:47.145: [INFO][Sync] Stopped: Saved Tab Group
2026-04-12 15:51:47.145: [INFO][Sync] Stopped: WebAuthn Credentials
2026-04-12 15:51:47.145: [INFO][Sync] Stopped: Collection
2026-04-12 15:51:47.145: [INFO][Sync] Stopped: Edge E Drop
2026-04-12 15:51:47.145: [INFO][Sync] Stopped: Edge Hub App Usage
2026-04-12 15:51:47.145: [INFO][Sync] Stopped: Edge Wallet
2026-04-12 15:51:47.145: [INFO][Sync] Stopped: Edge Workspace
2026-04-12 15:51:48.499: [INFO][Sync] Try to start sync engine
2026-04-12 15:51:48.500: [INFO][SyncManagerImpl::NudgeForInitialDownload] Initial download nudge for Encryption Keys
2026-04-12 15:51:48.500: [INFO][SyncEngineBackend::LoadAndConnectNigoriController] Load and connect Nigori controller
2026-04-12 15:51:48.500: [INFO][SyncEngineBackend::DoInitialize] Control Types added: Encryption Keys
2026-04-12 15:51:48.500: [INFO][SyncManagerImpl::ConfigureSyncer] Types to download: Encryption Keys with reason: 3
2026-04-12 15:51:48.500: [INFO][SyncSchedulerImpl::DoConfigurationSyncCycleJob] Configure job was blocked
2026-04-12 15:51:48.526: [INFO][SyncAuthManager::SetLastAuthError] Current auth error: None
2026-04-12 15:51:48.526: [INFO][SyncAuthManager::EdgeLogTokenErrorState] Token error with: None for account type: MSA
2026-04-12 15:51:48.526: [INFO][Sync] Credentials changed for: EdgeSyncScopeNew
2026-04-12 15:51:49.129: [INFO][SyncAuthManager::SetLastAuthError] Current auth error: None
2026-04-12 15:51:49.129: [INFO][SyncAuthManager::EdgeLogTokenErrorState] Token error with: None for account type: MSA
2026-04-12 15:51:49.129: [INFO][Sync] Credentials changed for: EdgeSyncKeyDataScope
2026-04-12 15:51:49.129: [INFO][SyncEngineBackend::DoUpdateKeyDataCredentials] Update key data credentials
2026-04-12 15:51:49.129: [INFO][SyncEngineBackend::DoUpdateCredentials] Update credentials
2026-04-12 15:51:49.129: [INFO][SyncSchedulerImpl::DoConfigurationSyncCycleJob] Blocked types:  and types to download: Encryption Keys
2026-04-12 15:51:49.254: [INFO][Sync] Started DataTypeManager configuration, reason: 4
2026-04-12 15:51:49.254: [INFO][Sync] Configuring for: Bookmarks, Preferences, Passwords, Autofill Profiles, Autofill, Extensions, Sessions, Extension settings, History Delete Directives, Device Info, User Consents, Send Tab To Self, Web Apps, History, Saved Tab Group, WebAuthn Credentials, Collection, Edge E Drop, Edge Hub App Usage, Edge Wallet, Edge Workspace, Encryption Keys, reason: 4, current state: 0
2026-04-12 15:51:49.254: [WARN][Sync] Crypto error data types: Passwords, Autofill Profiles, Autofill
2026-04-12 15:51:49.257: [INFO][Sync] Configure, desired: Bookmarks, Preferences, Extensions, Sessions, Extension settings, History Delete Directives, Device Info, User Consents, Send Tab To Self, Web Apps, History, Saved Tab Group, WebAuthn Credentials, Collection, Edge E Drop, Edge Hub App Usage, Edge Wallet, Edge Workspace, Encryption Keys; Allow fail: Passwords, Autofill Profiles, Autofill
2026-04-12 15:51:49.257: [INFO][Sync] Loading: Bookmarks
2026-04-12 15:51:49.257: [INFO][Sync] Loading: Preferences
2026-04-12 15:51:49.258: [INFO][Sync] Loading: Extensions
2026-04-12 15:51:49.258: [INFO][Sync] Loading: Sessions
2026-04-12 15:51:49.258: [INFO][Sync] Loading: Extension settings
2026-04-12 15:51:49.258: [INFO][Sync] Loading: History Delete Directives
2026-04-12 15:51:49.258: [INFO][Sync] Loading: Device Info
2026-04-12 15:51:49.258: [INFO][Sync] Loading: User Consents
2026-04-12 15:51:49.258: [INFO][Sync] Loading: Send Tab To Self
2026-04-12 15:51:49.258: [INFO][Sync] Loading: Web Apps
2026-04-12 15:51:49.258: [INFO][Sync] Loading: History
2026-04-12 15:51:49.258: [INFO][Sync] Loading: Saved Tab Group
2026-04-12 15:51:49.258: [INFO][Sync] Loading: WebAuthn Credentials
2026-04-12 15:51:49.258: [INFO][Sync] Loading: Collection
2026-04-12 15:51:49.258: [INFO][Sync] Loading: Edge E Drop
2026-04-12 15:51:49.258: [INFO][Sync] Loading: Edge Hub App Usage
2026-04-12 15:51:49.258: [INFO][Sync] Loading: Edge Wallet
2026-04-12 15:51:49.258: [INFO][Sync] Loading: Edge Workspace
2026-04-12 15:51:49.268: [INFO][Sync] All data types are ready for configure.
2026-04-12 15:51:49.594: [INFO][Sync] Started DataTypeManager configuration, reason: 5
2026-04-12 15:51:49.594: [INFO][Sync] Configuring for: Bookmarks, Preferences, Passwords, Autofill Profiles, Autofill, Extensions, Sessions, Extension settings, History Delete Directives, Device Info, User Consents, Send Tab To Self, Web Apps, History, Saved Tab Group, WebAuthn Credentials, Collection, Edge E Drop, Edge Hub App Usage, Edge Wallet, Edge Workspace, Encryption Keys, reason: 5, current state: 1
2026-04-12 15:51:49.598: [INFO][SyncEngineBackend::DoStartConfiguration] Start configuration
2026-04-12 15:51:49.598: [INFO][SyncManagerImpl::NudgeForInitialDownload] Initial download nudge for Bookmarks
2026-04-12 15:51:49.598: [INFO][SyncManagerImpl::NudgeForInitialDownload] Initial download nudge for Preferences
2026-04-12 15:51:49.599: [INFO][SyncManagerImpl::NudgeForInitialDownload] Initial download nudge for Extensions
2026-04-12 15:51:49.599: [INFO][SyncManagerImpl::NudgeForInitialDownload] Initial download nudge for Sessions
2026-04-12 15:51:49.599: [INFO][SyncManagerImpl::NudgeForInitialDownload] Initial download nudge for Extension settings
2026-04-12 15:51:49.599: [INFO][SyncManagerImpl::NudgeForInitialDownload] Initial download nudge for History Delete Directives
2026-04-12 15:51:49.599: [INFO][SyncManagerImpl::NudgeForInitialDownload] Initial download nudge for Device Info
2026-04-12 15:51:49.599: [INFO][SyncManagerImpl::NudgeForInitialDownload] Initial download nudge for Send Tab To Self
2026-04-12 15:51:49.599: [INFO][SyncManagerImpl::NudgeForInitialDownload] Initial download nudge for Web Apps
2026-04-12 15:51:49.599: [INFO][SyncManagerImpl::NudgeForInitialDownload] Initial download nudge for History
2026-04-12 15:51:49.599: [INFO][SyncManagerImpl::NudgeForInitialDownload] Initial download nudge for Saved Tab Group
2026-04-12 15:51:49.599: [INFO][SyncManagerImpl::NudgeForInitialDownload] Initial download nudge for WebAuthn Credentials
2026-04-12 15:51:49.599: [INFO][SyncManagerImpl::NudgeForInitialDownload] Initial download nudge for Collection
2026-04-12 15:51:49.599: [INFO][SyncManagerImpl::NudgeForInitialDownload] Initial download nudge for Edge E Drop
2026-04-12 15:51:49.599: [INFO][SyncManagerImpl::NudgeForInitialDownload] Initial download nudge for Edge Hub App Usage
2026-04-12 15:51:49.599: [INFO][SyncManagerImpl::NudgeForInitialDownload] Initial download nudge for Edge Wallet
2026-04-12 15:51:49.599: [INFO][SyncManagerImpl::NudgeForInitialDownload] Initial download nudge for Edge Workspace
2026-04-12 15:51:49.599: [INFO][SyncManagerImpl::ConfigureSyncer] Types to download:  with reason: 4
2026-04-12 15:51:49.599: [INFO][SyncEngineBackend::DoFinishConfigureDataTypes] Failed to download types:  and succeeded types: 
2026-04-12 15:51:49.602: [INFO][Sync] ConfigurationDone, failed: , succeeded: , remaining count: 4
2026-04-12 15:51:49.602: [WARN][Sync]     Reconfigure requested while configuration ongoing.
2026-04-12 15:51:49.602: [INFO][Sync] Configuring for: Bookmarks, Preferences, Passwords, Autofill Profiles, Autofill, Extensions, Sessions, Extension settings, History Delete Directives, Device Info, User Consents, Send Tab To Self, Web Apps, History, Saved Tab Group, WebAuthn Credentials, Collection, Edge E Drop, Edge Hub App Usage, Edge Wallet, Edge Workspace, Encryption Keys, reason: 5, current state: 2
2026-04-12 15:51:49.602: [INFO][Sync] Configure, desired: Bookmarks, Preferences, Passwords, Autofill Profiles, Autofill, Extensions, Sessions, Extension settings, History Delete Directives, Device Info, User Consents, Send Tab To Self, Web Apps, History, Saved Tab Group, WebAuthn Credentials, Collection, Edge E Drop, Edge Hub App Usage, Edge Wallet, Edge Workspace, Encryption Keys; Allow fail: 
2026-04-12 15:51:49.602: [INFO][Sync] Loading: Passwords
2026-04-12 15:51:49.602: [INFO][Sync] Loading: Autofill Profiles
2026-04-12 15:51:49.602: [INFO][Sync] Loading: Autofill
2026-04-12 15:51:49.602: [INFO][Sync] All data types are ready for configure.
2026-04-12 15:51:49.602: [INFO][SyncManagerImpl::NudgeForInitialDownload] Initial download nudge for Passwords
2026-04-12 15:51:49.602: [INFO][SyncManagerImpl::NudgeForInitialDownload] Initial download nudge for Autofill Profiles
2026-04-12 15:51:49.602: [INFO][SyncManagerImpl::NudgeForInitialDownload] Initial download nudge for Autofill
2026-04-12 15:51:49.602: [INFO][SyncManagerImpl::ConfigureSyncer] Types to download:  with reason: 5
2026-04-12 15:51:49.602: [INFO][SyncEngineBackend::DoFinishConfigureDataTypes] Failed to download types:  and succeeded types: 
2026-04-12 15:51:49.602: [INFO][Sync] ConfigurationDone, failed: , succeeded: , remaining count: 4
2026-04-12 15:51:49.602: [INFO][Sync] Prepare to configure types: Preferences, Passwords, Device Info, Send Tab To Self, Edge E Drop, Encryption Keys
2026-04-12 15:51:49.603: [INFO][SyncManagerImpl::ConfigureSyncer] Types to download: Preferences, Passwords, Device Info, Send Tab To Self, Edge E Drop, Encryption Keys with reason: 5
2026-04-12 15:51:49.603: [INFO][SyncSchedulerImpl::DoConfigurationSyncCycleJob] Blocked types:  and types to download: Preferences, Passwords, Device Info, Send Tab To Self, Edge E Drop, Encryption Keys
2026-04-12 15:51:49.828: [INFO][SyncEngineBackend::DoFinishConfigureDataTypes] Failed to download types:  and succeeded types: Preferences, Passwords, Device Info, Send Tab To Self, Edge E Drop, Encryption Keys
2026-04-12 15:51:49.831: [INFO][Sync] ConfigurationDone, failed: , succeeded: Preferences, Passwords, Device Info, Send Tab To Self, Edge E Drop, Encryption Keys, remaining count: 3
2026-04-12 15:51:49.831: [INFO][Sync] Prepare to configure types: Bookmarks, Encryption Keys
2026-04-12 15:51:49.831: [INFO][SyncManagerImpl::ConfigureSyncer] Types to download: Bookmarks, Encryption Keys with reason: 5
2026-04-12 15:51:49.831: [INFO][SyncSchedulerImpl::DoConfigurationSyncCycleJob] Blocked types:  and types to download: Bookmarks, Encryption Keys
2026-04-12 15:51:49.942: [INFO][SyncEngineBackend::DoFinishConfigureDataTypes] Failed to download types:  and succeeded types: Bookmarks, Encryption Keys
2026-04-12 15:51:49.946: [INFO][Sync] ConfigurationDone, failed: , succeeded: Bookmarks, Encryption Keys, remaining count: 2
2026-04-12 15:51:49.946: [INFO][Sync] Prepare to configure types: Autofill Profiles, Autofill, Extensions, Sessions, Extension settings, History Delete Directives, Web Apps, Saved Tab Group, WebAuthn Credentials, Collection, Edge Hub App Usage, Edge Wallet, Edge Workspace, Encryption Keys
2026-04-12 15:51:49.946: [INFO][SyncManagerImpl::ConfigureSyncer] Types to download: Autofill Profiles, Autofill, Extensions, Sessions, Extension settings, History Delete Directives, Web Apps, Saved Tab Group, WebAuthn Credentials, Collection, Edge Hub App Usage, Edge Wallet, Edge Workspace, Encryption Keys with reason: 5
2026-04-12 15:51:49.946: [INFO][SyncSchedulerImpl::DoConfigurationSyncCycleJob] Blocked types:  and types to download: Autofill Profiles, Autofill, Extensions, Sessions, Extension settings, History Delete Directives, Web Apps, Saved Tab Group, WebAuthn Credentials, Collection, Edge Hub App Usage, Edge Wallet, Edge Workspace, Encryption Keys
2026-04-12 15:51:50.099: [INFO][SyncEngineBackend::DoFinishConfigureDataTypes] Failed to download types:  and succeeded types: Autofill Profiles, Autofill, Extensions, Sessions, Extension settings, History Delete Directives, Web Apps, Saved Tab Group, WebAuthn Credentials, Collection, Edge Hub App Usage, Edge Wallet, Edge Workspace, Encryption Keys
2026-04-12 15:51:50.101: [INFO][Sync] ConfigurationDone, failed: , succeeded: Autofill Profiles, Autofill, Extensions, Sessions, Extension settings, History Delete Directives, Web Apps, Saved Tab Group, WebAuthn Credentials, Collection, Edge Hub App Usage, Edge Wallet, Edge Workspace, Encryption Keys, remaining count: 1
2026-04-12 15:51:50.105: [INFO][Sync] Prepare to configure types: History, Encryption Keys
2026-04-12 15:51:50.105: [INFO][SyncManagerImpl::ConfigureSyncer] Types to download: History, Encryption Keys with reason: 5
2026-04-12 15:51:50.106: [INFO][SyncSchedulerImpl::DoConfigurationSyncCycleJob] Blocked types:  and types to download: History, Encryption Keys
2026-04-12 15:51:50.380: [INFO][SyncEngineBackend::DoFinishConfigureDataTypes] Failed to download types:  and succeeded types: History, Encryption Keys
2026-04-12 15:51:50.384: [INFO][Sync] ConfigurationDone, failed: , succeeded: History, Encryption Keys, remaining count: 0
2026-04-12 15:51:50.386: [INFO][Sync]     Configuration completed, state: 7
2026-04-12 15:51:50.386: [INFO][Sync] Configured DataTypeManager: Ok
2026-04-12 15:51:50.390: [INFO][SyncEngineBackend::DoStartSyncing] Start syncing
2026-04-12 16:04:38.992: [INFO][Sync] Reset engine, reason: 0
2026-04-12 16:04:38.992: [INFO][Sync] Reset engine with reason: 0
2026-04-12 16:05:20.211: [INFO][Sync] SyncState after authenticated was: FeatureCanStart
2026-04-12 16:05:21.442: [INFO][SyncAuthManager::SetLastAuthError] Current auth error: None
2026-04-12 16:05:21.442: [INFO][SyncAuthManager::EdgeLogTokenErrorState] Token error with: None for account type: MSA
2026-04-12 16:05:21.442: [INFO][Sync] Credentials changed for: EdgeSyncKeyDataScope
2026-04-12 16:05:26.743: [INFO][Sync] Try to start sync engine
2026-04-12 16:05:26.771: [INFO][SyncManagerImpl::NudgeForInitialDownload] Initial download nudge for Encryption Keys
2026-04-12 16:05:26.771: [INFO][SyncEngineBackend::LoadAndConnectNigoriController] Load and connect Nigori controller
2026-04-12 16:05:26.771: [INFO][SyncEngineBackend::DoInitialize] Control Types added: Encryption Keys
2026-04-12 16:05:26.771: [INFO][SyncManagerImpl::ConfigureSyncer] Types to download: Encryption Keys with reason: 3
2026-04-12 16:05:26.771: [INFO][SyncEngineBackend::DoUpdateKeyDataCredentials] Update key data credentials
2026-04-12 16:05:26.771: [INFO][SyncSchedulerImpl::DoConfigurationSyncCycleJob] Configure job was blocked
2026-04-12 16:05:26.777: [INFO][SyncAuthManager::SetLastAuthError] Current auth error: None
2026-04-12 16:05:26.777: [INFO][SyncAuthManager::EdgeLogTokenErrorState] Token error with: None for account type: MSA
2026-04-12 16:05:26.777: [INFO][Sync] Credentials changed for: EdgeSyncScopeNew
2026-04-12 16:05:26.777: [INFO][SyncEngineBackend::DoUpdateCredentials] Update credentials
2026-04-12 16:05:26.777: [INFO][SyncEngineBackend::DoUpdateKeyDataCredentials] Update key data credentials
2026-04-12 16:05:26.777: [INFO][SyncSchedulerImpl::DoConfigurationSyncCycleJob] Blocked types:  and types to download: Encryption Keys
2026-04-12 16:05:27.011: [INFO][Sync] Started DataTypeManager configuration, reason: 4
2026-04-12 16:05:27.011: [INFO][Sync] Configuring for: Bookmarks, Preferences, Passwords, Autofill Profiles, Autofill, Extensions, Sessions, Extension settings, History Delete Directives, Device Info, User Consents, Send Tab To Self, Web Apps, History, Saved Tab Group, WebAuthn Credentials, Collection, Edge E Drop, Edge Hub App Usage, Edge Wallet, Edge Workspace, Encryption Keys, reason: 4, current state: 0
2026-04-12 16:05:27.011: [WARN][Sync] Crypto error data types: Passwords, Autofill Profiles, Autofill
2026-04-12 16:05:27.013: [INFO][Sync] Configure, desired: Bookmarks, Preferences, Extensions, Sessions, Extension settings, History Delete Directives, Device Info, User Consents, Send Tab To Self, Web Apps, History, Saved Tab Group, WebAuthn Credentials, Collection, Edge E Drop, Edge Hub App Usage, Edge Wallet, Edge Workspace, Encryption Keys; Allow fail: Passwords, Autofill Profiles, Autofill
2026-04-12 16:05:27.013: [INFO][Sync] Loading: Bookmarks
2026-04-12 16:05:27.013: [INFO][Sync] Loading: Preferences
2026-04-12 16:05:27.013: [INFO][Sync] Loading: Extensions
2026-04-12 16:05:27.013: [INFO][Sync] Loading: Sessions
2026-04-12 16:05:27.013: [INFO][Sync] Loading: Extension settings
2026-04-12 16:05:27.013: [INFO][Sync] Loading: History Delete Directives
2026-04-12 16:05:27.013: [INFO][Sync] Loading: Device Info
2026-04-12 16:05:27.013: [INFO][Sync] Loading: User Consents
2026-04-12 16:05:27.013: [INFO][Sync] Loading: Send Tab To Self
2026-04-12 16:05:27.013: [INFO][Sync] Loading: Web Apps
2026-04-12 16:05:27.013: [INFO][Sync] Loading: History
2026-04-12 16:05:27.013: [INFO][Sync] Loading: Saved Tab Group
2026-04-12 16:05:27.013: [INFO][Sync] Loading: WebAuthn Credentials
2026-04-12 16:05:27.013: [INFO][Sync] Loading: Collection
2026-04-12 16:05:27.013: [INFO][Sync] Loading: Edge E Drop
2026-04-12 16:05:27.013: [INFO][Sync] Loading: Edge Hub App Usage
2026-04-12 16:05:27.013: [INFO][Sync] Loading: Edge Wallet
2026-04-12 16:05:27.013: [INFO][Sync] Loading: Edge Workspace
2026-04-12 16:05:27.020: [INFO][Sync] All data types are ready for configure.
2026-04-12 16:05:27.319: [INFO][Sync] Started DataTypeManager configuration, reason: 5
2026-04-12 16:05:27.319: [INFO][Sync] Configuring for: Bookmarks, Preferences, Passwords, Autofill Profiles, Autofill, Extensions, Sessions, Extension settings, History Delete Directives, Device Info, User Consents, Send Tab To Self, Web Apps, History, Saved Tab Group, WebAuthn Credentials, Collection, Edge E Drop, Edge Hub App Usage, Edge Wallet, Edge Workspace, Encryption Keys, reason: 5, current state: 1
2026-04-12 16:05:27.320: [INFO][SyncEngineBackend::DoStartConfiguration] Start configuration
2026-04-12 16:05:27.320: [INFO][SyncManagerImpl::ConfigureSyncer] Types to download:  with reason: 4
2026-04-12 16:05:27.320: [INFO][SyncEngineBackend::DoFinishConfigureDataTypes] Failed to download types:  and succeeded types: 
2026-04-12 16:05:27.321: [INFO][Sync] ConfigurationDone, failed: , succeeded: , remaining count: 4
2026-04-12 16:05:27.321: [WARN][Sync]     Reconfigure requested while configuration ongoing.
2026-04-12 16:05:27.321: [INFO][Sync] Configuring for: Bookmarks, Preferences, Passwords, Autofill Profiles, Autofill, Extensions, Sessions, Extension settings, History Delete Directives, Device Info, User Consents, Send Tab To Self, Web Apps, History, Saved Tab Group, WebAuthn Credentials, Collection, Edge E Drop, Edge Hub App Usage, Edge Wallet, Edge Workspace, Encryption Keys, reason: 5, current state: 2
2026-04-12 16:05:27.321: [INFO][Sync] Configure, desired: Bookmarks, Preferences, Passwords, Autofill Profiles, Autofill, Extensions, Sessions, Extension settings, History Delete Directives, Device Info, User Consents, Send Tab To Self, Web Apps, History, Saved Tab Group, WebAuthn Credentials, Collection, Edge E Drop, Edge Hub App Usage, Edge Wallet, Edge Workspace, Encryption Keys; Allow fail: 
2026-04-12 16:05:27.321: [INFO][Sync] Loading: Passwords
2026-04-12 16:05:27.321: [INFO][Sync] Loading: Autofill Profiles
2026-04-12 16:05:27.321: [INFO][Sync] Loading: Autofill
2026-04-12 16:05:27.321: [INFO][Sync] All data types are ready for configure.
2026-04-12 16:05:27.321: [INFO][SyncManagerImpl::NudgeForInitialDownload] Initial download nudge for Passwords
2026-04-12 16:05:27.321: [INFO][SyncManagerImpl::ConfigureSyncer] Types to download:  with reason: 5
2026-04-12 16:05:27.321: [INFO][SyncEngineBackend::DoFinishConfigureDataTypes] Failed to download types:  and succeeded types: 
2026-04-12 16:05:27.321: [INFO][Sync] ConfigurationDone, failed: , succeeded: , remaining count: 4
2026-04-12 16:05:27.321: [INFO][Sync] Prepare to configure types: Passwords, Encryption Keys
2026-04-12 16:05:27.321: [INFO][SyncManagerImpl::ConfigureSyncer] Types to download: Passwords, Encryption Keys with reason: 5
2026-04-12 16:05:27.321: [INFO][SyncSchedulerImpl::DoConfigurationSyncCycleJob] Blocked types:  and types to download: Passwords, Encryption Keys
2026-04-12 16:05:27.431: [INFO][SyncEngineBackend::DoFinishConfigureDataTypes] Failed to download types:  and succeeded types: Passwords, Encryption Keys
2026-04-12 16:05:27.433: [INFO][Sync] ConfigurationDone, failed: , succeeded: Passwords, Encryption Keys, remaining count: 3
2026-04-12 16:05:27.433: [INFO][SyncManagerImpl::ConfigureSyncer] Types to download:  with reason: 5
2026-04-12 16:05:27.433: [INFO][SyncEngineBackend::DoFinishConfigureDataTypes] Failed to download types:  and succeeded types: 
2026-04-12 16:05:27.433: [INFO][Sync] ConfigurationDone, failed: , succeeded: , remaining count: 2
2026-04-12 16:05:27.433: [INFO][SyncManagerImpl::ConfigureSyncer] Types to download:  with reason: 5
2026-04-12 16:05:27.433: [INFO][SyncEngineBackend::DoFinishConfigureDataTypes] Failed to download types:  and succeeded types: 
2026-04-12 16:05:27.436: [INFO][Sync] ConfigurationDone, failed: , succeeded: , remaining count: 1
2026-04-12 16:05:27.438: [INFO][SyncManagerImpl::ConfigureSyncer] Types to download:  with reason: 5
2026-04-12 16:05:27.438: [INFO][SyncEngineBackend::DoFinishConfigureDataTypes] Failed to download types:  and succeeded types: 
2026-04-12 16:05:27.438: [INFO][Sync] ConfigurationDone, failed: , succeeded: , remaining count: 0
2026-04-12 16:05:27.440: [INFO][Sync]     Configuration completed, state: 7
2026-04-12 16:05:27.440: [INFO][Sync] Configured DataTypeManager: Ok
2026-04-12 16:05:27.443: [INFO][SyncEngineBackend::DoStartSyncing] Start syncing
2026-04-13 03:40:03.538: [INFO][SyncSchedulerImpl::OnSyncNetworkError] Syncer error: HTTP error (401)
2026-04-13 03:40:03.538: [INFO][Sync] Connection status changed to: 2
2026-04-13 03:40:03.538: [INFO][SyncSchedulerImpl::DoPollSyncCycleJob] Syncer error: HTTP error (401)
2026-04-13 03:40:03.543: [WARN][Sync] NetworkError: HTTP error (401)
2026-04-13 03:40:06.503: [INFO][SyncAuthManager::SetLastAuthError] Current auth error: None
2026-04-13 03:40:06.503: [INFO][SyncAuthManager::EdgeLogTokenErrorState] Token error with: None for account type: MSA
2026-04-13 03:40:06.503: [INFO][Sync] Credentials changed for: EdgeSyncScopeNew
2026-04-13 03:40:06.528: [INFO][SyncAuthManager::SetLastAuthError] Current auth error: None
2026-04-13 03:40:06.528: [INFO][SyncAuthManager::EdgeLogTokenErrorState] Token error with: None for account type: MSA
2026-04-13 03:40:06.528: [INFO][Sync] Credentials changed for: EdgeSyncKeyDataScope
2026-04-13 03:40:06.528: [INFO][SyncEngineBackend::DoUpdateKeyDataCredentials] Update key data credentials
2026-04-13 03:40:06.528: [INFO][SyncEngineBackend::DoUpdateCredentials] Update credentials
2026-04-13 03:40:15.249: [INFO][Sync] Reset engine, reason: 0
2026-04-13 03:40:15.249: [INFO][Sync] Reset engine with reason: 0
2026-04-13 03:58:10.110: [INFO][Sync] Reset engine, reason: 8
2026-04-13 03:58:10.110: [INFO][Sync] Stopped: Bookmarks
2026-04-13 03:58:10.110: [INFO][Sync] Stopped: Preferences
2026-04-13 03:58:10.110: [INFO][Sync] Stopped: Passwords
2026-04-13 03:58:10.110: [INFO][Sync] Stopped: Autofill Profiles
2026-04-13 03:58:10.110: [INFO][Sync] Stopped: Autofill
2026-04-13 03:58:10.110: [INFO][Sync] Stopped: Extensions
2026-04-13 03:58:10.110: [INFO][Sync] Stopped: Sessions
2026-04-13 03:58:10.110: [INFO][Sync] Stopped: Extension settings
2026-04-13 03:58:10.110: [INFO][Sync] Stopped: History Delete Directives
2026-04-13 03:58:10.110: [INFO][Sync] Stopped: Device Info
2026-04-13 03:58:10.110: [INFO][Sync] Stopped: User Consents
2026-04-13 03:58:10.110: [INFO][Sync] Stopped: Send Tab To Self
2026-04-13 03:58:10.110: [INFO][Sync] Stopped: Web Apps
2026-04-13 03:58:10.110: [INFO][Sync] Stopped: History
2026-04-13 03:58:10.110: [INFO][Sync] Stopped: Saved Tab Group
2026-04-13 03:58:10.110: [INFO][Sync] Stopped: WebAuthn Credentials
2026-04-13 03:58:10.110: [INFO][Sync] Stopped: Collection
2026-04-13 03:58:10.110: [INFO][Sync] Stopped: Edge E Drop
2026-04-13 03:58:10.110: [INFO][Sync] Stopped: Edge Hub App Usage
2026-04-13 03:58:10.110: [INFO][Sync] Stopped: Edge Wallet
2026-04-13 03:58:10.110: [INFO][Sync] Stopped: Edge Workspace
2026-04-13 03:58:10.111: [INFO][Sync] SyncState after authenticated was: NotSignedIn
2026-04-13 03:58:10.250: [INFO][Sync] Reset engine, reason: 8
2026-04-13 03:58:10.250: [INFO][Sync] Stopped: Bookmarks
2026-04-13 03:58:10.250: [INFO][Sync] Stopped: Preferences
2026-04-13 03:58:10.250: [INFO][Sync] Stopped: Passwords
2026-04-13 03:58:10.250: [INFO][Sync] Stopped: Autofill Profiles
2026-04-13 03:58:10.250: [INFO][Sync] Stopped: Autofill
2026-04-13 03:58:10.250: [INFO][Sync] Stopped: Extensions
2026-04-13 03:58:10.250: [INFO][Sync] Stopped: Sessions
2026-04-13 03:58:10.250: [INFO][Sync] Stopped: Extension settings
2026-04-13 03:58:10.250: [INFO][Sync] Stopped: History Delete Directives
2026-04-13 03:58:10.250: [INFO][Sync] Stopped: Device Info
2026-04-13 03:58:10.250: [INFO][Sync] Stopped: User Consents
2026-04-13 03:58:10.250: [INFO][Sync] Stopped: Send Tab To Self
2026-04-13 03:58:10.250: [INFO][Sync] Stopped: Web Apps
2026-04-13 03:58:10.250: [INFO][Sync] Stopped: History
2026-04-13 03:58:10.250: [INFO][Sync] Stopped: Saved Tab Group
2026-04-13 03:58:10.250: [INFO][Sync] Stopped: WebAuthn Credentials
2026-04-13 03:58:10.250: [INFO][Sync] Stopped: Collection
2026-04-13 03:58:10.250: [INFO][Sync] Stopped: Edge E Drop
2026-04-13 03:58:10.250: [INFO][Sync] Stopped: Edge Hub App Usage
2026-04-13 03:58:10.250: [INFO][Sync] Stopped: Edge Wallet
2026-04-13 03:58:10.250: [INFO][Sync] Stopped: Edge Workspace
2026-04-13 03:58:12.147: [INFO][Sync] Try to start sync engine
2026-04-13 03:58:12.148: [INFO][SyncManagerImpl::NudgeForInitialDownload] Initial download nudge for Encryption Keys
2026-04-13 03:58:12.148: [INFO][SyncEngineBackend::LoadAndConnectNigoriController] Load and connect Nigori controller
2026-04-13 03:58:12.148: [INFO][SyncEngineBackend::DoInitialize] Control Types added: Encryption Keys
2026-04-13 03:58:12.148: [INFO][SyncManagerImpl::ConfigureSyncer] Types to download: Encryption Keys with reason: 3
2026-04-13 03:58:12.148: [INFO][SyncSchedulerImpl::DoConfigurationSyncCycleJob] Configure job was blocked
2026-04-13 03:58:12.170: [INFO][SyncAuthManager::SetLastAuthError] Current auth error: None
2026-04-13 03:58:12.170: [INFO][SyncAuthManager::EdgeLogTokenErrorState] Token error with: None for account type: MSA
2026-04-13 03:58:12.170: [INFO][Sync] Credentials changed for: EdgeSyncScopeNew
2026-04-13 03:58:12.788: [INFO][SyncAuthManager::SetLastAuthError] Current auth error: None
2026-04-13 03:58:12.788: [INFO][SyncAuthManager::EdgeLogTokenErrorState] Token error with: None for account type: MSA
2026-04-13 03:58:12.788: [INFO][Sync] Credentials changed for: EdgeSyncKeyDataScope
2026-04-13 03:58:12.788: [INFO][SyncEngineBackend::DoUpdateKeyDataCredentials] Update key data credentials
2026-04-13 03:58:12.788: [INFO][SyncEngineBackend::DoUpdateCredentials] Update credentials
2026-04-13 03:58:12.788: [INFO][SyncSchedulerImpl::DoConfigurationSyncCycleJob] Blocked types:  and types to download: Encryption Keys
2026-04-13 03:58:12.995: [INFO][Sync] Started DataTypeManager configuration, reason: 4
2026-04-13 03:58:12.995: [INFO][Sync] Configuring for: Bookmarks, Preferences, Passwords, Autofill Profiles, Autofill, Extensions, Sessions, Extension settings, History Delete Directives, Device Info, User Consents, Send Tab To Self, Web Apps, History, Saved Tab Group, WebAuthn Credentials, Collection, Edge E Drop, Edge Hub App Usage, Edge Wallet, Edge Workspace, Encryption Keys, reason: 3, current state: 0
2026-04-13 03:58:12.995: [WARN][Sync] Crypto error data types: Passwords, Autofill Profiles, Autofill
2026-04-13 03:58:12.998: [INFO][Sync] Configure, desired: Bookmarks, Preferences, Extensions, Sessions, Extension settings, History Delete Directives, Device Info, User Consents, Send Tab To Self, Web Apps, History, Saved Tab Group, WebAuthn Credentials, Collection, Edge E Drop, Edge Hub App Usage, Edge Wallet, Edge Workspace, Encryption Keys; Allow fail: Passwords, Autofill Profiles, Autofill
2026-04-13 03:58:12.998: [INFO][Sync] Loading: Bookmarks
2026-04-13 03:58:12.998: [INFO][Sync] Loading: Preferences
2026-04-13 03:58:12.998: [INFO][Sync] Loading: Extensions
2026-04-13 03:58:12.998: [INFO][Sync] Loading: Sessions
2026-04-13 03:58:12.998: [INFO][Sync] Loading: Extension settings
2026-04-13 03:58:12.998: [INFO][Sync] Loading: History Delete Directives
2026-04-13 03:58:12.998: [INFO][Sync] Loading: Device Info
2026-04-13 03:58:12.998: [INFO][Sync] Loading: User Consents
2026-04-13 03:58:12.998: [INFO][Sync] Loading: Send Tab To Self
2026-04-13 03:58:12.998: [INFO][Sync] Loading: Web Apps
2026-04-13 03:58:12.998: [INFO][Sync] Loading: History
2026-04-13 03:58:12.998: [INFO][Sync] Loading: Saved Tab Group
2026-04-13 03:58:12.998: [INFO][Sync] Loading: WebAuthn Credentials
2026-04-13 03:58:12.998: [INFO][Sync] Loading: Collection
2026-04-13 03:58:12.998: [INFO][Sync] Loading: Edge E Drop
2026-04-13 03:58:12.998: [INFO][Sync] Loading: Edge Hub App Usage
2026-04-13 03:58:12.998: [INFO][Sync] Loading: Edge Wallet
2026-04-13 03:58:12.998: [INFO][Sync] Loading: Edge Workspace
2026-04-13 03:58:13.005: [INFO][Sync] All data types are ready for configure.
2026-04-13 03:58:13.677: [INFO][Sync] Started DataTypeManager configuration, reason: 5
2026-04-13 03:58:13.677: [INFO][Sync] Configuring for: Bookmarks, Preferences, Passwords, Autofill Profiles, Autofill, Extensions, Sessions, Extension settings, History Delete Directives, Device Info, User Consents, Send Tab To Self, Web Apps, History, Saved Tab Group, WebAuthn Credentials, Collection, Edge E Drop, Edge Hub App Usage, Edge Wallet, Edge Workspace, Encryption Keys, reason: 5, current state: 1
2026-04-13 03:58:13.679: [INFO][SyncEngineBackend::DoStartConfiguration] Start configuration
2026-04-13 03:58:13.679: [INFO][SyncManagerImpl::NudgeForInitialDownload] Initial download nudge for Bookmarks
2026-04-13 03:58:13.679: [INFO][SyncManagerImpl::NudgeForInitialDownload] Initial download nudge for Preferences
2026-04-13 03:58:13.679: [INFO][SyncManagerImpl::NudgeForInitialDownload] Initial download nudge for Extensions
2026-04-13 03:58:13.679: [INFO][SyncManagerImpl::NudgeForInitialDownload] Initial download nudge for Sessions
2026-04-13 03:58:13.679: [INFO][SyncManagerImpl::NudgeForInitialDownload] Initial download nudge for Extension settings
2026-04-13 03:58:13.679: [INFO][SyncManagerImpl::NudgeForInitialDownload] Initial download nudge for History Delete Directives
2026-04-13 03:58:13.679: [INFO][SyncManagerImpl::NudgeForInitialDownload] Initial download nudge for Device Info
2026-04-13 03:58:13.679: [INFO][SyncManagerImpl::NudgeForInitialDownload] Initial download nudge for Send Tab To Self
2026-04-13 03:58:13.679: [INFO][SyncManagerImpl::NudgeForInitialDownload] Initial download nudge for Web Apps
2026-04-13 03:58:13.679: [INFO][SyncManagerImpl::NudgeForInitialDownload] Initial download nudge for History
2026-04-13 03:58:13.679: [INFO][SyncManagerImpl::NudgeForInitialDownload] Initial download nudge for Saved Tab Group
2026-04-13 03:58:13.679: [INFO][SyncManagerImpl::NudgeForInitialDownload] Initial download nudge for WebAuthn Credentials
2026-04-13 03:58:13.679: [INFO][SyncManagerImpl::NudgeForInitialDownload] Initial download nudge for Collection
2026-04-13 03:58:13.679: [INFO][SyncManagerImpl::NudgeForInitialDownload] Initial download nudge for Edge E Drop
2026-04-13 03:58:13.679: [INFO][SyncManagerImpl::NudgeForInitialDownload] Initial download nudge for Edge Hub App Usage
2026-04-13 03:58:13.679: [INFO][SyncManagerImpl::NudgeForInitialDownload] Initial download nudge for Edge Wallet
2026-04-13 03:58:13.679: [INFO][SyncManagerImpl::NudgeForInitialDownload] Initial download nudge for Edge Workspace
2026-04-13 03:58:13.679: [INFO][SyncManagerImpl::ConfigureSyncer] Types to download:  with reason: 3
2026-04-13 03:58:13.679: [INFO][SyncEngineBackend::DoFinishConfigureDataTypes] Failed to download types:  and succeeded types: 
2026-04-13 03:58:13.681: [INFO][Sync] ConfigurationDone, failed: , succeeded: , remaining count: 4
2026-04-13 03:58:13.681: [WARN][Sync]     Reconfigure requested while configuration ongoing.
2026-04-13 03:58:13.681: [INFO][Sync] Configuring for: Bookmarks, Preferences, Passwords, Autofill Profiles, Autofill, Extensions, Sessions, Extension settings, History Delete Directives, Device Info, User Consents, Send Tab To Self, Web Apps, History, Saved Tab Group, WebAuthn Credentials, Collection, Edge E Drop, Edge Hub App Usage, Edge Wallet, Edge Workspace, Encryption Keys, reason: 5, current state: 2
2026-04-13 03:58:13.681: [INFO][Sync] Configure, desired: Bookmarks, Preferences, Passwords, Autofill Profiles, Autofill, Extensions, Sessions, Extension settings, History Delete Directives, Device Info, User Consents, Send Tab To Self, Web Apps, History, Saved Tab Group, WebAuthn Credentials, Collection, Edge E Drop, Edge Hub App Usage, Edge Wallet, Edge Workspace, Encryption Keys; Allow fail: 
2026-04-13 03:58:13.681: [INFO][Sync] Loading: Passwords
2026-04-13 03:58:13.681: [INFO][Sync] Loading: Autofill Profiles
2026-04-13 03:58:13.681: [INFO][Sync] Loading: Autofill
2026-04-13 03:58:13.681: [INFO][Sync] All data types are ready for configure.
2026-04-13 03:58:13.681: [INFO][SyncManagerImpl::NudgeForInitialDownload] Initial download nudge for Passwords
2026-04-13 03:58:13.681: [INFO][SyncManagerImpl::NudgeForInitialDownload] Initial download nudge for Autofill Profiles
2026-04-13 03:58:13.681: [INFO][SyncManagerImpl::NudgeForInitialDownload] Initial download nudge for Autofill
2026-04-13 03:58:13.681: [INFO][SyncManagerImpl::ConfigureSyncer] Types to download:  with reason: 5
2026-04-13 03:58:13.681: [INFO][SyncEngineBackend::DoFinishConfigureDataTypes] Failed to download types:  and succeeded types: 
2026-04-13 03:58:13.682: [INFO][Sync] ConfigurationDone, failed: , succeeded: , remaining count: 4
2026-04-13 03:58:13.682: [INFO][Sync] Prepare to configure types: Preferences, Passwords, Device Info, Send Tab To Self, Edge E Drop, Encryption Keys
2026-04-13 03:58:13.682: [INFO][SyncManagerImpl::ConfigureSyncer] Types to download: Preferences, Passwords, Device Info, Send Tab To Self, Edge E Drop, Encryption Keys with reason: 5
2026-04-13 03:58:13.682: [INFO][SyncSchedulerImpl::DoConfigurationSyncCycleJob] Blocked types:  and types to download: Preferences, Passwords, Device Info, Send Tab To Self, Edge E Drop, Encryption Keys
2026-04-13 03:58:13.866: [INFO][SyncEngineBackend::DoFinishConfigureDataTypes] Failed to download types:  and succeeded types: Preferences, Passwords, Device Info, Send Tab To Self, Edge E Drop, Encryption Keys
2026-04-13 03:58:13.869: [INFO][Sync] ConfigurationDone, failed: , succeeded: Preferences, Passwords, Device Info, Send Tab To Self, Edge E Drop, Encryption Keys, remaining count: 3
2026-04-13 03:58:13.869: [INFO][Sync] Prepare to configure types: Bookmarks, Encryption Keys
2026-04-13 03:58:13.870: [INFO][SyncManagerImpl::ConfigureSyncer] Types to download: Bookmarks, Encryption Keys with reason: 5
2026-04-13 03:58:13.870: [INFO][SyncSchedulerImpl::DoConfigurationSyncCycleJob] Blocked types:  and types to download: Bookmarks, Encryption Keys
2026-04-13 03:58:13.995: [INFO][SyncEngineBackend::DoFinishConfigureDataTypes] Failed to download types:  and succeeded types: Bookmarks, Encryption Keys
2026-04-13 03:58:13.999: [INFO][Sync] ConfigurationDone, failed: , succeeded: Bookmarks, Encryption Keys, remaining count: 2
2026-04-13 03:58:13.999: [INFO][Sync] Prepare to configure types: Autofill Profiles, Autofill, Extensions, Sessions, Extension settings, History Delete Directives, Web Apps, Saved Tab Group, WebAuthn Credentials, Collection, Edge Hub App Usage, Edge Wallet, Edge Workspace, Encryption Keys
2026-04-13 03:58:13.999: [INFO][SyncManagerImpl::ConfigureSyncer] Types to download: Autofill Profiles, Autofill, Extensions, Sessions, Extension settings, History Delete Directives, Web Apps, Saved Tab Group, WebAuthn Credentials, Collection, Edge Hub App Usage, Edge Wallet, Edge Workspace, Encryption Keys with reason: 5
2026-04-13 03:58:13.999: [INFO][SyncSchedulerImpl::DoConfigurationSyncCycleJob] Blocked types:  and types to download: Autofill Profiles, Autofill, Extensions, Sessions, Extension settings, History Delete Directives, Web Apps, Saved Tab Group, WebAuthn Credentials, Collection, Edge Hub App Usage, Edge Wallet, Edge Workspace, Encryption Keys
2026-04-13 03:58:14.168: [INFO][SyncEngineBackend::DoFinishConfigureDataTypes] Failed to download types:  and succeeded types: Autofill Profiles, Autofill, Extensions, Sessions, Extension settings, History Delete Directives, Web Apps, Saved Tab Group, WebAuthn Credentials, Collection, Edge Hub App Usage, Edge Wallet, Edge Workspace, Encryption Keys
2026-04-13 03:58:14.170: [INFO][Sync] ConfigurationDone, failed: , succeeded: Autofill Profiles, Autofill, Extensions, Sessions, Extension settings, History Delete Directives, Web Apps, Saved Tab Group, WebAuthn Credentials, Collection, Edge Hub App Usage, Edge Wallet, Edge Workspace, Encryption Keys, remaining count: 1
2026-04-13 03:58:14.173: [INFO][Sync] Prepare to configure types: History, Encryption Keys
2026-04-13 03:58:14.173: [INFO][SyncManagerImpl::ConfigureSyncer] Types to download: History, Encryption Keys with reason: 5
2026-04-13 03:58:14.173: [INFO][SyncSchedulerImpl::DoConfigurationSyncCycleJob] Blocked types:  and types to download: History, Encryption Keys
2026-04-13 03:58:14.714: [INFO][SyncEngineBackend::DoFinishConfigureDataTypes] Failed to download types:  and succeeded types: History, Encryption Keys
2026-04-13 03:58:14.717: [INFO][Sync] ConfigurationDone, failed: , succeeded: History, Encryption Keys, remaining count: 0
2026-04-13 03:58:14.719: [INFO][Sync]     Configuration completed, state: 7
2026-04-13 03:58:14.719: [INFO][Sync] Configured DataTypeManager: Ok
2026-04-13 03:58:14.722: [INFO][SyncEngineBackend::DoStartSyncing] Start syncing
2026-04-13 04:23:32.146: [INFO][Sync] Reset engine, reason: 0
2026-04-13 04:23:32.146: [INFO][Sync] Reset engine with reason: 0
2026-04-13 05:58:00.348: [INFO][Sync] SyncState after authenticated was: FeatureNotRequestedNotSetup
2026-04-13 05:58:00.418: [INFO][Sync] Try to start sync engine
2026-04-13 05:58:00.419: [INFO][SyncManagerImpl::NudgeForInitialDownload] Initial download nudge for Encryption Keys
2026-04-13 05:58:00.419: [INFO][SyncEngineBackend::LoadAndConnectNigoriController] Load and connect Nigori controller
2026-04-13 05:58:00.419: [INFO][SyncEngineBackend::DoInitialize] Control Types added: Encryption Keys
2026-04-13 05:58:00.419: [INFO][SyncManagerImpl::ConfigureSyncer] Types to download: Encryption Keys with reason: 3
2026-04-13 05:58:00.419: [INFO][SyncSchedulerImpl::DoConfigurationSyncCycleJob] Configure job was blocked
2026-04-13 05:58:00.819: [INFO][SyncAuthManager::SetLastAuthError] Current auth error: None
2026-04-13 05:58:00.819: [INFO][SyncAuthManager::EdgeLogTokenErrorState] Token error with: None for account type: MSA
2026-04-13 05:58:00.819: [INFO][Sync] Credentials changed for: EdgeSyncScopeNew
2026-04-13 06:05:46.377: [INFO][Sync] Reset engine, reason: 0
2026-04-13 06:05:46.377: [INFO][Sync] Reset engine with reason: 0
2026-04-13 16:30:44.682: [INFO][Sync] Reset engine, reason: 8
2026-04-13 16:30:44.682: [INFO][Sync] Stopped: Bookmarks
2026-04-13 16:30:44.682: [INFO][Sync] Stopped: Preferences
2026-04-13 16:30:44.682: [INFO][Sync] Stopped: Passwords
2026-04-13 16:30:44.682: [INFO][Sync] Stopped: Autofill Profiles
2026-04-13 16:30:44.682: [INFO][Sync] Stopped: Autofill
2026-04-13 16:30:44.682: [INFO][Sync] Stopped: Extensions
2026-04-13 16:30:44.682: [INFO][Sync] Stopped: Sessions
2026-04-13 16:30:44.682: [INFO][Sync] Stopped: Extension settings
2026-04-13 16:30:44.683: [INFO][Sync] Stopped: History Delete Directives
2026-04-13 16:30:44.683: [INFO][Sync] Stopped: Device Info
2026-04-13 16:30:44.683: [INFO][Sync] Stopped: User Consents
2026-04-13 16:30:44.683: [INFO][Sync] Stopped: Send Tab To Self
2026-04-13 16:30:44.683: [INFO][Sync] Stopped: Web Apps
2026-04-13 16:30:44.683: [INFO][Sync] Stopped: History
2026-04-13 16:30:44.683: [INFO][Sync] Stopped: Saved Tab Group
2026-04-13 16:30:44.683: [INFO][Sync] Stopped: WebAuthn Credentials
2026-04-13 16:30:44.683: [INFO][Sync] Stopped: Collection
2026-04-13 16:30:44.683: [INFO][Sync] Stopped: Edge E Drop
2026-04-13 16:30:44.683: [INFO][Sync] Stopped: Edge Hub App Usage
2026-04-13 16:30:44.683: [INFO][Sync] Stopped: Edge Wallet
2026-04-13 16:30:44.683: [INFO][Sync] Stopped: Edge Workspace
2026-04-13 16:30:44.683: [INFO][Sync] SyncState after authenticated was: NotSignedIn
2026-04-13 16:30:45.394: [INFO][Sync] Reset engine, reason: 8
2026-04-13 16:30:45.394: [INFO][Sync] Stopped: Bookmarks
2026-04-13 16:30:45.394: [INFO][Sync] Stopped: Preferences
2026-04-13 16:30:45.394: [INFO][Sync] Stopped: Passwords
2026-04-13 16:30:45.394: [INFO][Sync] Stopped: Autofill Profiles
2026-04-13 16:30:45.394: [INFO][Sync] Stopped: Autofill
2026-04-13 16:30:45.394: [INFO][Sync] Stopped: Extensions
2026-04-13 16:30:45.394: [INFO][Sync] Stopped: Sessions
2026-04-13 16:30:45.394: [INFO][Sync] Stopped: Extension settings
2026-04-13 16:30:45.394: [INFO][Sync] Stopped: History Delete Directives
2026-04-13 16:30:45.394: [INFO][Sync] Stopped: Device Info
2026-04-13 16:30:45.394: [INFO][Sync] Stopped: User Consents
2026-04-13 16:30:45.394: [INFO][Sync] Stopped: Send Tab To Self
2026-04-13 16:30:45.394: [INFO][Sync] Stopped: Web Apps
2026-04-13 16:30:45.394: [INFO][Sync] Stopped: History
2026-04-13 16:30:45.394: [INFO][Sync] Stopped: Saved Tab Group
2026-04-13 16:30:45.394: [INFO][Sync] Stopped: WebAuthn Credentials
2026-04-13 16:30:45.394: [INFO][Sync] Stopped: Collection
2026-04-13 16:30:45.394: [INFO][Sync] Stopped: Edge E Drop
2026-04-13 16:30:45.394: [INFO][Sync] Stopped: Edge Hub App Usage
2026-04-13 16:30:45.394: [INFO][Sync] Stopped: Edge Wallet
2026-04-13 16:30:45.394: [INFO][Sync] Stopped: Edge Workspace
2026-04-13 16:30:48.155: [INFO][Sync] Try to start sync engine
2026-04-13 16:30:48.158: [INFO][SyncManagerImpl::NudgeForInitialDownload] Initial download nudge for Encryption Keys
2026-04-13 16:30:48.158: [INFO][SyncEngineBackend::LoadAndConnectNigoriController] Load and connect Nigori controller
2026-04-13 16:30:48.158: [INFO][SyncEngineBackend::DoInitialize] Control Types added: Encryption Keys
2026-04-13 16:30:48.158: [INFO][SyncManagerImpl::ConfigureSyncer] Types to download: Encryption Keys with reason: 3
2026-04-13 16:30:48.158: [INFO][SyncSchedulerImpl::DoConfigurationSyncCycleJob] Configure job was blocked
2026-04-13 16:30:48.250: [INFO][SyncAuthManager::SetLastAuthError] Current auth error: None
2026-04-13 16:30:48.250: [INFO][SyncAuthManager::EdgeLogTokenErrorState] Token error with: None for account type: MSA
2026-04-13 16:30:48.250: [INFO][Sync] Credentials changed for: EdgeSyncScopeNew
2026-04-13 16:30:49.285: [INFO][SyncAuthManager::SetLastAuthError] Current auth error: None
2026-04-13 16:30:49.285: [INFO][SyncAuthManager::EdgeLogTokenErrorState] Token error with: None for account type: MSA
2026-04-13 16:30:49.285: [INFO][Sync] Credentials changed for: EdgeSyncKeyDataScope
2026-04-13 16:30:49.286: [INFO][SyncEngineBackend::DoUpdateKeyDataCredentials] Update key data credentials
2026-04-13 16:30:49.286: [INFO][SyncEngineBackend::DoUpdateCredentials] Update credentials
2026-04-13 16:30:49.286: [INFO][SyncSchedulerImpl::DoConfigurationSyncCycleJob] Blocked types:  and types to download: Encryption Keys
2026-04-13 16:30:49.665: [INFO][Sync] Started DataTypeManager configuration, reason: 4
2026-04-13 16:30:49.666: [INFO][Sync] Configuring for: Bookmarks, Preferences, Passwords, Autofill Profiles, Autofill, Extensions, Sessions, Extension settings, History Delete Directives, Device Info, User Consents, Send Tab To Self, Web Apps, History, Saved Tab Group, WebAuthn Credentials, Collection, Edge E Drop, Edge Hub App Usage, Edge Wallet, Edge Workspace, Encryption Keys, reason: 3, current state: 0
2026-04-13 16:30:49.666: [WARN][Sync] Crypto error data types: Passwords, Autofill Profiles, Autofill
2026-04-13 16:30:49.675: [INFO][Sync] Configure, desired: Bookmarks, Preferences, Extensions, Sessions, Extension settings, History Delete Directives, Device Info, User Consents, Send Tab To Self, Web Apps, History, Saved Tab Group, WebAuthn Credentials, Collection, Edge E Drop, Edge Hub App Usage, Edge Wallet, Edge Workspace, Encryption Keys; Allow fail: Passwords, Autofill Profiles, Autofill
2026-04-13 16:30:49.675: [INFO][Sync] Loading: Bookmarks
2026-04-13 16:30:49.675: [INFO][Sync] Loading: Preferences
2026-04-13 16:30:49.675: [INFO][Sync] Loading: Extensions
2026-04-13 16:30:49.675: [INFO][Sync] Loading: Sessions
2026-04-13 16:30:49.675: [INFO][Sync] Loading: Extension settings
2026-04-13 16:30:49.675: [INFO][Sync] Loading: History Delete Directives
2026-04-13 16:30:49.675: [INFO][Sync] Loading: Device Info
2026-04-13 16:30:49.675: [INFO][Sync] Loading: User Consents
2026-04-13 16:30:49.675: [INFO][Sync] Loading: Send Tab To Self
2026-04-13 16:30:49.675: [INFO][Sync] Loading: Web Apps
2026-04-13 16:30:49.675: [INFO][Sync] Loading: History
2026-04-13 16:30:49.675: [INFO][Sync] Loading: Saved Tab Group
2026-04-13 16:30:49.675: [INFO][Sync] Loading: WebAuthn Credentials
2026-04-13 16:30:49.675: [INFO][Sync] Loading: Collection
2026-04-13 16:30:49.675: [INFO][Sync] Loading: Edge E Drop
2026-04-13 16:30:49.675: [INFO][Sync] Loading: Edge Hub App Usage
2026-04-13 16:30:49.675: [INFO][Sync] Loading: Edge Wallet
2026-04-13 16:30:49.675: [INFO][Sync] Loading: Edge Workspace
2026-04-13 16:30:49.705: [INFO][Sync] All data types are ready for configure.
2026-04-13 16:30:50.972: [INFO][Sync] Started DataTypeManager configuration, reason: 5
2026-04-13 16:30:50.973: [INFO][Sync] Configuring for: Bookmarks, Preferences, Passwords, Autofill Profiles, Autofill, Extensions, Sessions, Extension settings, History Delete Directives, Device Info, User Consents, Send Tab To Self, Web Apps, History, Saved Tab Group, WebAuthn Credentials, Collection, Edge E Drop, Edge Hub App Usage, Edge Wallet, Edge Workspace, Encryption Keys, reason: 5, current state: 1
2026-04-13 16:30:50.997: [INFO][SyncEngineBackend::DoStartConfiguration] Start configuration
2026-04-13 16:30:50.998: [INFO][SyncManagerImpl::NudgeForInitialDownload] Initial download nudge for Bookmarks
2026-04-13 16:30:50.998: [INFO][SyncManagerImpl::NudgeForInitialDownload] Initial download nudge for Preferences
2026-04-13 16:30:50.998: [INFO][SyncManagerImpl::NudgeForInitialDownload] Initial download nudge for Extensions
2026-04-13 16:30:50.998: [INFO][SyncManagerImpl::NudgeForInitialDownload] Initial download nudge for Sessions
2026-04-13 16:30:50.998: [INFO][SyncManagerImpl::NudgeForInitialDownload] Initial download nudge for Extension settings
2026-04-13 16:30:50.998: [INFO][SyncManagerImpl::NudgeForInitialDownload] Initial download nudge for History Delete Directives
2026-04-13 16:30:50.998: [INFO][SyncManagerImpl::NudgeForInitialDownload] Initial download nudge for Device Info
2026-04-13 16:30:50.998: [INFO][SyncManagerImpl::NudgeForInitialDownload] Initial download nudge for Send Tab To Self
2026-04-13 16:30:50.998: [INFO][SyncManagerImpl::NudgeForInitialDownload] Initial download nudge for Web Apps
2026-04-13 16:30:50.998: [INFO][SyncManagerImpl::NudgeForInitialDownload] Initial download nudge for History
2026-04-13 16:30:50.998: [INFO][SyncManagerImpl::NudgeForInitialDownload] Initial download nudge for Saved Tab Group
2026-04-13 16:30:50.998: [INFO][SyncManagerImpl::NudgeForInitialDownload] Initial download nudge for WebAuthn Credentials
2026-04-13 16:30:50.998: [INFO][SyncManagerImpl::NudgeForInitialDownload] Initial download nudge for Collection
2026-04-13 16:30:50.998: [INFO][SyncManagerImpl::NudgeForInitialDownload] Initial download nudge for Edge E Drop
2026-04-13 16:30:50.998: [INFO][SyncManagerImpl::NudgeForInitialDownload] Initial download nudge for Edge Hub App Usage
2026-04-13 16:30:50.998: [INFO][SyncManagerImpl::NudgeForInitialDownload] Initial download nudge for Edge Wallet
2026-04-13 16:30:50.998: [INFO][SyncManagerImpl::NudgeForInitialDownload] Initial download nudge for Edge Workspace
2026-04-13 16:30:50.998: [INFO][SyncManagerImpl::ConfigureSyncer] Types to download:  with reason: 3
2026-04-13 16:30:50.998: [INFO][SyncEngineBackend::DoFinishConfigureDataTypes] Failed to download types:  and succeeded types: 
2026-04-13 16:30:50.999: [INFO][Sync] ConfigurationDone, failed: , succeeded: , remaining count: 4
2026-04-13 16:30:51.000: [WARN][Sync]     Reconfigure requested while configuration ongoing.
2026-04-13 16:30:51.000: [INFO][Sync] Configuring for: Bookmarks, Preferences, Passwords, Autofill Profiles, Autofill, Extensions, Sessions, Extension settings, History Delete Directives, Device Info, User Consents, Send Tab To Self, Web Apps, History, Saved Tab Group, WebAuthn Credentials, Collection, Edge E Drop, Edge Hub App Usage, Edge Wallet, Edge Workspace, Encryption Keys, reason: 5, current state: 2
2026-04-13 16:30:51.000: [INFO][Sync] Configure, desired: Bookmarks, Preferences, Passwords, Autofill Profiles, Autofill, Extensions, Sessions, Extension settings, History Delete Directives, Device Info, User Consents, Send Tab To Self, Web Apps, History, Saved Tab Group, WebAuthn Credentials, Collection, Edge E Drop, Edge Hub App Usage, Edge Wallet, Edge Workspace, Encryption Keys; Allow fail: 
2026-04-13 16:30:51.000: [INFO][Sync] Loading: Passwords
2026-04-13 16:30:51.000: [INFO][Sync] Loading: Autofill Profiles
2026-04-13 16:30:51.000: [INFO][Sync] Loading: Autofill
2026-04-13 16:30:51.164: [INFO][Sync] All data types are ready for configure.
2026-04-13 16:30:51.164: [INFO][SyncManagerImpl::NudgeForInitialDownload] Initial download nudge for Passwords
2026-04-13 16:30:51.164: [INFO][SyncManagerImpl::NudgeForInitialDownload] Initial download nudge for Autofill Profiles
2026-04-13 16:30:51.164: [INFO][SyncManagerImpl::NudgeForInitialDownload] Initial download nudge for Autofill
2026-04-13 16:30:51.164: [INFO][SyncManagerImpl::ConfigureSyncer] Types to download:  with reason: 5
2026-04-13 16:30:51.164: [INFO][SyncEngineBackend::DoFinishConfigureDataTypes] Failed to download types:  and succeeded types: 
2026-04-13 16:30:51.165: [INFO][Sync] ConfigurationDone, failed: , succeeded: , remaining count: 4
2026-04-13 16:30:51.165: [INFO][Sync] Prepare to configure types: Preferences, Passwords, Device Info, Send Tab To Self, Edge E Drop, Encryption Keys
2026-04-13 16:30:51.165: [INFO][SyncManagerImpl::ConfigureSyncer] Types to download: Preferences, Passwords, Device Info, Send Tab To Self, Edge E Drop, Encryption Keys with reason: 5
2026-04-13 16:30:51.165: [INFO][SyncSchedulerImpl::DoConfigurationSyncCycleJob] Blocked types:  and types to download: Preferences, Passwords, Device Info, Send Tab To Self, Edge E Drop, Encryption Keys
2026-04-13 16:30:51.749: [INFO][SyncEngineBackend::DoFinishConfigureDataTypes] Failed to download types:  and succeeded types: Preferences, Passwords, Device Info, Send Tab To Self, Edge E Drop, Encryption Keys
2026-04-13 16:30:51.818: [INFO][Sync] ConfigurationDone, failed: , succeeded: Preferences, Passwords, Device Info, Send Tab To Self, Edge E Drop, Encryption Keys, remaining count: 3
2026-04-13 16:30:51.818: [INFO][Sync] Prepare to configure types: Bookmarks, Encryption Keys
2026-04-13 16:30:51.818: [INFO][SyncManagerImpl::ConfigureSyncer] Types to download: Bookmarks, Encryption Keys with reason: 5
2026-04-13 16:30:51.818: [INFO][SyncSchedulerImpl::DoConfigurationSyncCycleJob] Blocked types:  and types to download: Bookmarks, Encryption Keys
2026-04-13 16:30:52.189: [INFO][SyncEngineBackend::DoFinishConfigureDataTypes] Failed to download types:  and succeeded types: Bookmarks, Encryption Keys
2026-04-13 16:30:52.210: [INFO][Sync] ConfigurationDone, failed: , succeeded: Bookmarks, Encryption Keys, remaining count: 2
2026-04-13 16:30:52.210: [INFO][Sync] Prepare to configure types: Autofill Profiles, Autofill, Extensions, Sessions, Extension settings, History Delete Directives, Web Apps, Saved Tab Group, WebAuthn Credentials, Collection, Edge Hub App Usage, Edge Wallet, Edge Workspace, Encryption Keys
2026-04-13 16:30:52.210: [INFO][SyncManagerImpl::ConfigureSyncer] Types to download: Autofill Profiles, Autofill, Extensions, Sessions, Extension settings, History Delete Directives, Web Apps, Saved Tab Group, WebAuthn Credentials, Collection, Edge Hub App Usage, Edge Wallet, Edge Workspace, Encryption Keys with reason: 5
2026-04-13 16:30:52.210: [INFO][SyncSchedulerImpl::DoConfigurationSyncCycleJob] Blocked types:  and types to download: Autofill Profiles, Autofill, Extensions, Sessions, Extension settings, History Delete Directives, Web Apps, Saved Tab Group, WebAuthn Credentials, Collection, Edge Hub App Usage, Edge Wallet, Edge Workspace, Encryption Keys
2026-04-13 16:30:52.497: [INFO][SyncEngineBackend::DoFinishConfigureDataTypes] Failed to download types:  and succeeded types: Autofill Profiles, Autofill, Extensions, Sessions, Extension settings, History Delete Directives, Web Apps, Saved Tab Group, WebAuthn Credentials, Collection, Edge Hub App Usage, Edge Wallet, Edge Workspace, Encryption Keys
2026-04-13 16:30:52.518: [INFO][Sync] ConfigurationDone, failed: , succeeded: Autofill Profiles, Autofill, Extensions, Sessions, Extension settings, History Delete Directives, Web Apps, Saved Tab Group, WebAuthn Credentials, Collection, Edge Hub App Usage, Edge Wallet, Edge Workspace, Encryption Keys, remaining count: 1
2026-04-13 16:30:52.528: [INFO][Sync] Prepare to configure types: History, Encryption Keys
2026-04-13 16:30:52.529: [INFO][SyncManagerImpl::ConfigureSyncer] Types to download: History, Encryption Keys with reason: 5
2026-04-13 16:30:52.529: [INFO][SyncSchedulerImpl::DoConfigurationSyncCycleJob] Blocked types:  and types to download: History, Encryption Keys
2026-04-13 16:30:53.134: [INFO][SyncEngineBackend::DoFinishConfigureDataTypes] Failed to download types:  and succeeded types: History, Encryption Keys
2026-04-13 16:30:53.147: [INFO][Sync] ConfigurationDone, failed: , succeeded: History, Encryption Keys, remaining count: 0
2026-04-13 16:30:53.162: [INFO][Sync]     Configuration completed, state: 7
2026-04-13 16:30:53.162: [INFO][Sync] Configured DataTypeManager: Ok
2026-04-13 16:30:53.180: [INFO][SyncEngineBackend::DoStartSyncing] Start syncing
2026-04-13 16:49:18.367: [INFO][Sync] Reset engine, reason: 0
2026-04-13 16:49:18.367: [INFO][Sync] Reset engine with reason: 0
2026-04-14 03:23:34.027: [INFO][Sync] SyncState after authenticated was: FeatureCanStart
2026-04-14 03:23:37.928: [INFO][SyncAuthManager::SetLastAuthError] Current auth error: None
2026-04-14 03:23:37.928: [INFO][SyncAuthManager::EdgeLogTokenErrorState] Token error with: None for account type: MSA
2026-04-14 03:23:37.928: [INFO][Sync] Credentials changed for: EdgeSyncKeyDataScope
2026-04-14 03:23:44.545: [INFO][Sync] Try to start sync engine
2026-04-14 03:23:44.570: [INFO][SyncManagerImpl::NudgeForInitialDownload] Initial download nudge for Encryption Keys
2026-04-14 03:23:44.570: [INFO][SyncEngineBackend::LoadAndConnectNigoriController] Load and connect Nigori controller
2026-04-14 03:23:44.570: [INFO][SyncEngineBackend::DoInitialize] Control Types added: Encryption Keys
2026-04-14 03:23:44.570: [INFO][SyncManagerImpl::ConfigureSyncer] Types to download: Encryption Keys with reason: 3
2026-04-14 03:23:44.570: [INFO][SyncEngineBackend::DoUpdateKeyDataCredentials] Update key data credentials
2026-04-14 03:23:44.571: [INFO][SyncSchedulerImpl::DoConfigurationSyncCycleJob] Configure job was blocked
2026-04-14 03:23:47.000: [INFO][SyncAuthManager::SetLastAuthError] Current auth error: None
2026-04-14 03:23:47.000: [INFO][SyncAuthManager::EdgeLogTokenErrorState] Token error with: None for account type: MSA
2026-04-14 03:23:47.000: [INFO][Sync] Credentials changed for: EdgeSyncScopeNew
2026-04-14 03:23:47.001: [INFO][SyncEngineBackend::DoUpdateCredentials] Update credentials
2026-04-14 03:23:47.001: [INFO][SyncSchedulerImpl::DoConfigurationSyncCycleJob] Blocked types:  and types to download: Encryption Keys
2026-04-14 03:23:47.380: [INFO][SyncEngineBackend::DoUpdateKeyDataCredentials] Update key data credentials
2026-04-14 03:23:47.460: [INFO][Sync] Started DataTypeManager configuration, reason: 4
2026-04-14 03:23:47.462: [INFO][Sync] Configuring for: Bookmarks, Preferences, Passwords, Autofill Profiles, Autofill, Extensions, Sessions, Extension settings, History Delete Directives, Device Info, User Consents, Send Tab To Self, Web Apps, History, Saved Tab Group, WebAuthn Credentials, Collection, Edge E Drop, Edge Hub App Usage, Edge Wallet, Edge Workspace, Encryption Keys, reason: 4, current state: 0
2026-04-14 03:23:47.463: [WARN][Sync] Crypto error data types: Passwords, Autofill Profiles, Autofill
2026-04-14 03:23:47.481: [INFO][Sync] Configure, desired: Bookmarks, Preferences, Extensions, Sessions, Extension settings, History Delete Directives, Device Info, User Consents, Send Tab To Self, Web Apps, History, Saved Tab Group, WebAuthn Credentials, Collection, Edge E Drop, Edge Hub App Usage, Edge Wallet, Edge Workspace, Encryption Keys; Allow fail: Passwords, Autofill Profiles, Autofill
2026-04-14 03:23:47.481: [INFO][Sync] Loading: Bookmarks
2026-04-14 03:23:47.481: [INFO][Sync] Loading: Preferences
2026-04-14 03:23:47.481: [INFO][Sync] Loading: Extensions
2026-04-14 03:23:47.482: [INFO][Sync] Loading: Sessions
2026-04-14 03:23:47.482: [INFO][Sync] Loading: Extension settings
2026-04-14 03:23:47.482: [INFO][Sync] Loading: History Delete Directives
2026-04-14 03:23:47.484: [INFO][Sync] Loading: Device Info
2026-04-14 03:23:47.484: [INFO][Sync] Loading: User Consents
2026-04-14 03:23:47.484: [INFO][Sync] Loading: Send Tab To Self
2026-04-14 03:23:47.484: [INFO][Sync] Loading: Web Apps
2026-04-14 03:23:47.484: [INFO][Sync] Loading: History
2026-04-14 03:23:47.484: [INFO][Sync] Loading: Saved Tab Group
2026-04-14 03:23:47.484: [INFO][Sync] Loading: WebAuthn Credentials
2026-04-14 03:23:47.484: [INFO][Sync] Loading: Collection
2026-04-14 03:23:47.484: [INFO][Sync] Loading: Edge E Drop
2026-04-14 03:23:47.484: [INFO][Sync] Loading: Edge Hub App Usage
2026-04-14 03:23:47.484: [INFO][Sync] Loading: Edge Wallet
2026-04-14 03:23:47.484: [INFO][Sync] Loading: Edge Workspace
2026-04-14 03:23:47.543: [INFO][Sync] All data types are ready for configure.
2026-04-14 03:23:47.957: [INFO][Sync] Started DataTypeManager configuration, reason: 5
2026-04-14 03:23:47.957: [INFO][Sync] Configuring for: Bookmarks, Preferences, Passwords, Autofill Profiles, Autofill, Extensions, Sessions, Extension settings, History Delete Directives, Device Info, User Consents, Send Tab To Self, Web Apps, History, Saved Tab Group, WebAuthn Credentials, Collection, Edge E Drop, Edge Hub App Usage, Edge Wallet, Edge Workspace, Encryption Keys, reason: 5, current state: 1
2026-04-14 03:23:47.971: [INFO][SyncEngineBackend::DoStartConfiguration] Start configuration
2026-04-14 03:23:47.972: [INFO][SyncManagerImpl::ConfigureSyncer] Types to download:  with reason: 4
2026-04-14 03:23:47.972: [INFO][SyncEngineBackend::DoFinishConfigureDataTypes] Failed to download types:  and succeeded types: 
2026-04-14 03:23:47.975: [INFO][Sync] ConfigurationDone, failed: , succeeded: , remaining count: 4
2026-04-14 03:23:47.975: [WARN][Sync]     Reconfigure requested while configuration ongoing.
2026-04-14 03:23:47.975: [INFO][Sync] Configuring for: Bookmarks, Preferences, Passwords, Autofill Profiles, Autofill, Extensions, Sessions, Extension settings, History Delete Directives, Device Info, User Consents, Send Tab To Self, Web Apps, History, Saved Tab Group, WebAuthn Credentials, Collection, Edge E Drop, Edge Hub App Usage, Edge Wallet, Edge Workspace, Encryption Keys, reason: 5, current state: 2
2026-04-14 03:23:47.975: [INFO][Sync] Configure, desired: Bookmarks, Preferences, Passwords, Autofill Profiles, Autofill, Extensions, Sessions, Extension settings, History Delete Directives, Device Info, User Consents, Send Tab To Self, Web Apps, History, Saved Tab Group, WebAuthn Credentials, Collection, Edge E Drop, Edge Hub App Usage, Edge Wallet, Edge Workspace, Encryption Keys; Allow fail: 
2026-04-14 03:23:47.975: [INFO][Sync] Loading: Passwords
2026-04-14 03:23:47.975: [INFO][Sync] Loading: Autofill Profiles
2026-04-14 03:23:47.975: [INFO][Sync] Loading: Autofill
2026-04-14 03:23:47.977: [INFO][Sync] All data types are ready for configure.
2026-04-14 03:23:47.977: [INFO][SyncManagerImpl::NudgeForInitialDownload] Initial download nudge for Passwords
2026-04-14 03:23:47.978: [INFO][SyncManagerImpl::ConfigureSyncer] Types to download:  with reason: 5
2026-04-14 03:23:47.978: [INFO][SyncEngineBackend::DoFinishConfigureDataTypes] Failed to download types:  and succeeded types: 
2026-04-14 03:23:47.978: [INFO][Sync] ConfigurationDone, failed: , succeeded: , remaining count: 4
2026-04-14 03:23:47.978: [INFO][Sync] Prepare to configure types: Passwords, Encryption Keys
2026-04-14 03:23:47.978: [INFO][SyncManagerImpl::ConfigureSyncer] Types to download: Passwords, Encryption Keys with reason: 5
2026-04-14 03:23:47.978: [INFO][SyncSchedulerImpl::DoConfigurationSyncCycleJob] Blocked types:  and types to download: Passwords, Encryption Keys
2026-04-14 03:23:48.135: [INFO][SyncEngineBackend::DoFinishConfigureDataTypes] Failed to download types:  and succeeded types: Passwords, Encryption Keys
2026-04-14 03:23:48.156: [INFO][Sync] ConfigurationDone, failed: , succeeded: Passwords, Encryption Keys, remaining count: 3
2026-04-14 03:23:48.157: [INFO][SyncManagerImpl::ConfigureSyncer] Types to download:  with reason: 5
2026-04-14 03:23:48.157: [INFO][SyncEngineBackend::DoFinishConfigureDataTypes] Failed to download types:  and succeeded types: 
2026-04-14 03:23:48.157: [INFO][Sync] ConfigurationDone, failed: , succeeded: , remaining count: 2
2026-04-14 03:23:48.157: [INFO][SyncManagerImpl::ConfigureSyncer] Types to download:  with reason: 5
2026-04-14 03:23:48.157: [INFO][SyncEngineBackend::DoFinishConfigureDataTypes] Failed to download types:  and succeeded types: 
2026-04-14 03:23:48.157: [INFO][Sync] ConfigurationDone, failed: , succeeded: , remaining count: 1
2026-04-14 03:23:48.189: [INFO][SyncManagerImpl::ConfigureSyncer] Types to download:  with reason: 5
2026-04-14 03:23:48.189: [INFO][SyncEngineBackend::DoFinishConfigureDataTypes] Failed to download types:  and succeeded types: 
2026-04-14 03:23:48.218: [INFO][Sync] ConfigurationDone, failed: , succeeded: , remaining count: 0
2026-04-14 03:23:48.239: [INFO][Sync]     Configuration completed, state: 7
2026-04-14 03:23:48.240: [INFO][Sync] Configured DataTypeManager: Ok
2026-04-14 03:23:48.267: [INFO][SyncEngineBackend::DoStartSyncing] Start syncing
2026-04-14 03:52:36.944: [INFO][Sync] Reset engine, reason: 0
2026-04-14 03:52:36.944: [INFO][Sync] Reset engine with reason: 0
2026-04-14 03:54:04.438: [INFO][Sync] Reset engine, reason: 8
2026-04-14 03:54:04.438: [INFO][Sync] Stopped: Bookmarks
2026-04-14 03:54:04.438: [INFO][Sync] Stopped: Preferences
2026-04-14 03:54:04.438: [INFO][Sync] Stopped: Passwords
2026-04-14 03:54:04.438: [INFO][Sync] Stopped: Autofill Profiles
2026-04-14 03:54:04.438: [INFO][Sync] Stopped: Autofill
2026-04-14 03:54:04.438: [INFO][Sync] Stopped: Extensions
2026-04-14 03:54:04.439: [INFO][Sync] Stopped: Sessions
2026-04-14 03:54:04.439: [INFO][Sync] Stopped: Extension settings
2026-04-14 03:54:04.439: [INFO][Sync] Stopped: History Delete Directives
2026-04-14 03:54:04.439: [INFO][Sync] Stopped: Device Info
2026-04-14 03:54:04.439: [INFO][Sync] Stopped: User Consents
2026-04-14 03:54:04.439: [INFO][Sync] Stopped: Send Tab To Self
2026-04-14 03:54:04.439: [INFO][Sync] Stopped: Web Apps
2026-04-14 03:54:04.439: [INFO][Sync] Stopped: History
2026-04-14 03:54:04.439: [INFO][Sync] Stopped: Saved Tab Group
2026-04-14 03:54:04.439: [INFO][Sync] Stopped: WebAuthn Credentials
2026-04-14 03:54:04.439: [INFO][Sync] Stopped: Collection
2026-04-14 03:54:04.439: [INFO][Sync] Stopped: Edge E Drop
2026-04-14 03:54:04.439: [INFO][Sync] Stopped: Edge Hub App Usage
2026-04-14 03:54:04.439: [INFO][Sync] Stopped: Edge Wallet
2026-04-14 03:54:04.439: [INFO][Sync] Stopped: Edge Workspace
2026-04-14 03:54:04.439: [INFO][Sync] SyncState after authenticated was: NotSignedIn
2026-04-14 03:54:05.041: [INFO][Sync] Reset engine, reason: 8
2026-04-14 03:54:05.041: [INFO][Sync] Stopped: Bookmarks
2026-04-14 03:54:05.041: [INFO][Sync] Stopped: Preferences
2026-04-14 03:54:05.041: [INFO][Sync] Stopped: Passwords
2026-04-14 03:54:05.041: [INFO][Sync] Stopped: Autofill Profiles
2026-04-14 03:54:05.041: [INFO][Sync] Stopped: Autofill
2026-04-14 03:54:05.041: [INFO][Sync] Stopped: Extensions
2026-04-14 03:54:05.041: [INFO][Sync] Stopped: Sessions
2026-04-14 03:54:05.041: [INFO][Sync] Stopped: Extension settings
2026-04-14 03:54:05.041: [INFO][Sync] Stopped: History Delete Directives
2026-04-14 03:54:05.041: [INFO][Sync] Stopped: Device Info
2026-04-14 03:54:05.041: [INFO][Sync] Stopped: User Consents
2026-04-14 03:54:05.041: [INFO][Sync] Stopped: Send Tab To Self
2026-04-14 03:54:05.041: [INFO][Sync] Stopped: Web Apps
2026-04-14 03:54:05.041: [INFO][Sync] Stopped: History
2026-04-14 03:54:05.041: [INFO][Sync] Stopped: Saved Tab Group
2026-04-14 03:54:05.041: [INFO][Sync] Stopped: WebAuthn Credentials
2026-04-14 03:54:05.041: [INFO][Sync] Stopped: Collection
2026-04-14 03:54:05.041: [INFO][Sync] Stopped: Edge E Drop
2026-04-14 03:54:05.041: [INFO][Sync] Stopped: Edge Hub App Usage
2026-04-14 03:54:05.041: [INFO][Sync] Stopped: Edge Wallet
2026-04-14 03:54:05.041: [INFO][Sync] Stopped: Edge Workspace
2026-04-14 03:54:06.921: [INFO][Sync] Try to start sync engine
2026-04-14 03:54:06.924: [INFO][SyncManagerImpl::NudgeForInitialDownload] Initial download nudge for Encryption Keys
2026-04-14 03:54:06.924: [INFO][SyncEngineBackend::LoadAndConnectNigoriController] Load and connect Nigori controller
2026-04-14 03:54:06.924: [INFO][SyncEngineBackend::DoInitialize] Control Types added: Encryption Keys
2026-04-14 03:54:06.924: [INFO][SyncManagerImpl::ConfigureSyncer] Types to download: Encryption Keys with reason: 3
2026-04-14 03:54:06.924: [INFO][SyncSchedulerImpl::DoConfigurationSyncCycleJob] Configure job was blocked
2026-04-14 03:54:07.020: [INFO][SyncAuthManager::SetLastAuthError] Current auth error: None
2026-04-14 03:54:07.020: [INFO][SyncAuthManager::EdgeLogTokenErrorState] Token error with: None for account type: MSA
2026-04-14 03:54:07.020: [INFO][Sync] Credentials changed for: EdgeSyncScopeNew
2026-04-14 03:54:08.113: [INFO][SyncAuthManager::SetLastAuthError] Current auth error: None
2026-04-14 03:54:08.114: [INFO][SyncAuthManager::EdgeLogTokenErrorState] Token error with: None for account type: MSA
2026-04-14 03:54:08.114: [INFO][Sync] Credentials changed for: EdgeSyncKeyDataScope
2026-04-14 03:54:08.114: [INFO][SyncEngineBackend::DoUpdateKeyDataCredentials] Update key data credentials
2026-04-14 03:54:08.114: [INFO][SyncEngineBackend::DoUpdateCredentials] Update credentials
2026-04-14 03:54:08.114: [INFO][SyncSchedulerImpl::DoConfigurationSyncCycleJob] Blocked types:  and types to download: Encryption Keys
2026-04-14 03:54:08.385: [INFO][Sync] Started DataTypeManager configuration, reason: 4
2026-04-14 03:54:08.385: [INFO][Sync] Configuring for: Bookmarks, Preferences, Passwords, Autofill Profiles, Autofill, Extensions, Sessions, Extension settings, History Delete Directives, Device Info, User Consents, Send Tab To Self, Web Apps, History, Saved Tab Group, WebAuthn Credentials, Collection, Edge E Drop, Edge Hub App Usage, Edge Wallet, Edge Workspace, Encryption Keys, reason: 4, current state: 0
2026-04-14 03:54:08.385: [WARN][Sync] Crypto error data types: Passwords, Autofill Profiles, Autofill
2026-04-14 03:54:08.394: [INFO][Sync] Configure, desired: Bookmarks, Preferences, Extensions, Sessions, Extension settings, History Delete Directives, Device Info, User Consents, Send Tab To Self, Web Apps, History, Saved Tab Group, WebAuthn Credentials, Collection, Edge E Drop, Edge Hub App Usage, Edge Wallet, Edge Workspace, Encryption Keys; Allow fail: Passwords, Autofill Profiles, Autofill
2026-04-14 03:54:08.394: [INFO][Sync] Loading: Bookmarks
2026-04-14 03:54:08.394: [INFO][Sync] Loading: Preferences
2026-04-14 03:54:08.394: [INFO][Sync] Loading: Extensions
2026-04-14 03:54:08.394: [INFO][Sync] Loading: Sessions
2026-04-14 03:54:08.394: [INFO][Sync] Loading: Extension settings
2026-04-14 03:54:08.394: [INFO][Sync] Loading: History Delete Directives
2026-04-14 03:54:08.395: [INFO][Sync] Loading: Device Info
2026-04-14 03:54:08.395: [INFO][Sync] Loading: User Consents
2026-04-14 03:54:08.395: [INFO][Sync] Loading: Send Tab To Self
2026-04-14 03:54:08.395: [INFO][Sync] Loading: Web Apps
2026-04-14 03:54:08.395: [INFO][Sync] Loading: History
2026-04-14 03:54:08.395: [INFO][Sync] Loading: Saved Tab Group
2026-04-14 03:54:08.395: [INFO][Sync] Loading: WebAuthn Credentials
2026-04-14 03:54:08.395: [INFO][Sync] Loading: Collection
2026-04-14 03:54:08.395: [INFO][Sync] Loading: Edge E Drop
2026-04-14 03:54:08.395: [INFO][Sync] Loading: Edge Hub App Usage
2026-04-14 03:54:08.395: [INFO][Sync] Loading: Edge Wallet
2026-04-14 03:54:08.395: [INFO][Sync] Loading: Edge Workspace
2026-04-14 03:54:08.427: [INFO][Sync] All data types are ready for configure.
2026-04-14 03:54:09.789: [INFO][Sync] Started DataTypeManager configuration, reason: 5
2026-04-14 03:54:09.790: [INFO][Sync] Configuring for: Bookmarks, Preferences, Passwords, Autofill Profiles, Autofill, Extensions, Sessions, Extension settings, History Delete Directives, Device Info, User Consents, Send Tab To Self, Web Apps, History, Saved Tab Group, WebAuthn Credentials, Collection, Edge E Drop, Edge Hub App Usage, Edge Wallet, Edge Workspace, Encryption Keys, reason: 5, current state: 1
2026-04-14 03:54:09.799: [INFO][SyncEngineBackend::DoStartConfiguration] Start configuration
2026-04-14 03:54:09.800: [INFO][SyncManagerImpl::NudgeForInitialDownload] Initial download nudge for Bookmarks
2026-04-14 03:54:09.800: [INFO][SyncManagerImpl::NudgeForInitialDownload] Initial download nudge for Preferences
2026-04-14 03:54:09.800: [INFO][SyncManagerImpl::NudgeForInitialDownload] Initial download nudge for Extensions
2026-04-14 03:54:09.800: [INFO][SyncManagerImpl::NudgeForInitialDownload] Initial download nudge for Sessions
2026-04-14 03:54:09.800: [INFO][SyncManagerImpl::NudgeForInitialDownload] Initial download nudge for Extension settings
2026-04-14 03:54:09.800: [INFO][SyncManagerImpl::NudgeForInitialDownload] Initial download nudge for History Delete Directives
2026-04-14 03:54:09.800: [INFO][SyncManagerImpl::NudgeForInitialDownload] Initial download nudge for Device Info
2026-04-14 03:54:09.800: [INFO][SyncManagerImpl::NudgeForInitialDownload] Initial download nudge for Send Tab To Self
2026-04-14 03:54:09.800: [INFO][SyncManagerImpl::NudgeForInitialDownload] Initial download nudge for Web Apps
2026-04-14 03:54:09.800: [INFO][SyncManagerImpl::NudgeForInitialDownload] Initial download nudge for History
2026-04-14 03:54:09.800: [INFO][SyncManagerImpl::NudgeForInitialDownload] Initial download nudge for Saved Tab Group
2026-04-14 03:54:09.800: [INFO][SyncManagerImpl::NudgeForInitialDownload] Initial download nudge for WebAuthn Credentials
2026-04-14 03:54:09.800: [INFO][SyncManagerImpl::NudgeForInitialDownload] Initial download nudge for Collection
2026-04-14 03:54:09.800: [INFO][SyncManagerImpl::NudgeForInitialDownload] Initial download nudge for Edge E Drop
2026-04-14 03:54:09.800: [INFO][SyncManagerImpl::NudgeForInitialDownload] Initial download nudge for Edge Hub App Usage
2026-04-14 03:54:09.800: [INFO][SyncManagerImpl::NudgeForInitialDownload] Initial download nudge for Edge Wallet
2026-04-14 03:54:09.800: [INFO][SyncManagerImpl::NudgeForInitialDownload] Initial download nudge for Edge Workspace
2026-04-14 03:54:09.800: [INFO][SyncManagerImpl::ConfigureSyncer] Types to download:  with reason: 4
2026-04-14 03:54:09.800: [INFO][SyncEngineBackend::DoFinishConfigureDataTypes] Failed to download types:  and succeeded types: 
2026-04-14 03:54:09.801: [INFO][Sync] ConfigurationDone, failed: , succeeded: , remaining count: 4
2026-04-14 03:54:09.801: [WARN][Sync]     Reconfigure requested while configuration ongoing.
2026-04-14 03:54:09.801: [INFO][Sync] Configuring for: Bookmarks, Preferences, Passwords, Autofill Profiles, Autofill, Extensions, Sessions, Extension settings, History Delete Directives, Device Info, User Consents, Send Tab To Self, Web Apps, History, Saved Tab Group, WebAuthn Credentials, Collection, Edge E Drop, Edge Hub App Usage, Edge Wallet, Edge Workspace, Encryption Keys, reason: 5, current state: 2
2026-04-14 03:54:09.801: [INFO][Sync] Configure, desired: Bookmarks, Preferences, Passwords, Autofill Profiles, Autofill, Extensions, Sessions, Extension settings, History Delete Directives, Device Info, User Consents, Send Tab To Self, Web Apps, History, Saved Tab Group, WebAuthn Credentials, Collection, Edge E Drop, Edge Hub App Usage, Edge Wallet, Edge Workspace, Encryption Keys; Allow fail: 
2026-04-14 03:54:09.801: [INFO][Sync] Loading: Passwords
2026-04-14 03:54:09.801: [INFO][Sync] Loading: Autofill Profiles
2026-04-14 03:54:09.801: [INFO][Sync] Loading: Autofill
2026-04-14 03:54:09.802: [INFO][Sync] All data types are ready for configure.
2026-04-14 03:54:09.802: [INFO][SyncManagerImpl::NudgeForInitialDownload] Initial download nudge for Passwords
2026-04-14 03:54:09.802: [INFO][SyncManagerImpl::NudgeForInitialDownload] Initial download nudge for Autofill Profiles
2026-04-14 03:54:09.802: [INFO][SyncManagerImpl::NudgeForInitialDownload] Initial download nudge for Autofill
2026-04-14 03:54:09.802: [INFO][SyncManagerImpl::ConfigureSyncer] Types to download:  with reason: 5
2026-04-14 03:54:09.802: [INFO][SyncEngineBackend::DoFinishConfigureDataTypes] Failed to download types:  and succeeded types: 
2026-04-14 03:54:09.803: [INFO][Sync] ConfigurationDone, failed: , succeeded: , remaining count: 4
2026-04-14 03:54:09.803: [INFO][Sync] Prepare to configure types: Preferences, Passwords, Device Info, Send Tab To Self, Edge E Drop, Encryption Keys
2026-04-14 03:54:09.804: [INFO][SyncManagerImpl::ConfigureSyncer] Types to download: Preferences, Passwords, Device Info, Send Tab To Self, Edge E Drop, Encryption Keys with reason: 5
2026-04-14 03:54:09.804: [INFO][SyncSchedulerImpl::DoConfigurationSyncCycleJob] Blocked types:  and types to download: Preferences, Passwords, Device Info, Send Tab To Self, Edge E Drop, Encryption Keys
2026-04-14 03:54:10.119: [INFO][SyncEngineBackend::DoFinishConfigureDataTypes] Failed to download types:  and succeeded types: Preferences, Passwords, Device Info, Send Tab To Self, Edge E Drop, Encryption Keys
2026-04-14 03:54:10.133: [INFO][Sync] ConfigurationDone, failed: , succeeded: Preferences, Passwords, Device Info, Send Tab To Self, Edge E Drop, Encryption Keys, remaining count: 3
2026-04-14 03:54:10.134: [INFO][Sync] Prepare to configure types: Bookmarks, Encryption Keys
2026-04-14 03:54:10.180: [INFO][SyncManagerImpl::ConfigureSyncer] Types to download: Bookmarks, Encryption Keys with reason: 5
2026-04-14 03:54:10.182: [INFO][SyncSchedulerImpl::DoConfigurationSyncCycleJob] Blocked types:  and types to download: Bookmarks, Encryption Keys
2026-04-14 03:54:10.298: [INFO][SyncEngineBackend::DoFinishConfigureDataTypes] Failed to download types:  and succeeded types: Bookmarks, Encryption Keys
2026-04-14 03:54:10.312: [INFO][Sync] ConfigurationDone, failed: , succeeded: Bookmarks, Encryption Keys, remaining count: 2
2026-04-14 03:54:10.312: [INFO][Sync] Prepare to configure types: Autofill Profiles, Autofill, Extensions, Sessions, Extension settings, History Delete Directives, Web Apps, Saved Tab Group, WebAuthn Credentials, Collection, Edge Hub App Usage, Edge Wallet, Edge Workspace, Encryption Keys
2026-04-14 03:54:10.312: [INFO][SyncManagerImpl::ConfigureSyncer] Types to download: Autofill Profiles, Autofill, Extensions, Sessions, Extension settings, History Delete Directives, Web Apps, Saved Tab Group, WebAuthn Credentials, Collection, Edge Hub App Usage, Edge Wallet, Edge Workspace, Encryption Keys with reason: 5
2026-04-14 03:54:10.312: [INFO][SyncSchedulerImpl::DoConfigurationSyncCycleJob] Blocked types:  and types to download: Autofill Profiles, Autofill, Extensions, Sessions, Extension settings, History Delete Directives, Web Apps, Saved Tab Group, WebAuthn Credentials, Collection, Edge Hub App Usage, Edge Wallet, Edge Workspace, Encryption Keys
2026-04-14 03:54:10.509: [INFO][SyncEngineBackend::DoFinishConfigureDataTypes] Failed to download types:  and succeeded types: Autofill Profiles, Autofill, Extensions, Sessions, Extension settings, History Delete Directives, Web Apps, Saved Tab Group, WebAuthn Credentials, Collection, Edge Hub App Usage, Edge Wallet, Edge Workspace, Encryption Keys
2026-04-14 03:54:10.523: [INFO][Sync] ConfigurationDone, failed: , succeeded: Autofill Profiles, Autofill, Extensions, Sessions, Extension settings, History Delete Directives, Web Apps, Saved Tab Group, WebAuthn Credentials, Collection, Edge Hub App Usage, Edge Wallet, Edge Workspace, Encryption Keys, remaining count: 1
2026-04-14 03:54:10.539: [INFO][Sync] Prepare to configure types: History, Encryption Keys
2026-04-14 03:54:10.539: [INFO][SyncManagerImpl::ConfigureSyncer] Types to download: History, Encryption Keys with reason: 5
2026-04-14 03:54:10.539: [INFO][SyncSchedulerImpl::DoConfigurationSyncCycleJob] Blocked types:  and types to download: History, Encryption Keys
2026-04-14 03:54:11.090: [INFO][SyncEngineBackend::DoFinishConfigureDataTypes] Failed to download types:  and succeeded types: History, Encryption Keys
2026-04-14 03:54:11.106: [INFO][Sync] ConfigurationDone, failed: , succeeded: History, Encryption Keys, remaining count: 0
2026-04-14 03:54:11.118: [INFO][Sync]     Configuration completed, state: 7
2026-04-14 03:54:11.118: [INFO][Sync] Configured DataTypeManager: Ok
2026-04-14 03:54:11.132: [INFO][SyncEngineBackend::DoStartSyncing] Start syncing
2026-04-14 04:15:35.196: [INFO][Sync] Reset engine, reason: 0
2026-04-14 04:15:35.196: [INFO][Sync] Reset engine with reason: 0
2026-04-14 04:16:21.587: [INFO][Sync] SyncState after authenticated was: FeatureCanStart
2026-04-14 04:16:22.578: [INFO][SyncAuthManager::SetLastAuthError] Current auth error: None
2026-04-14 04:16:22.578: [INFO][SyncAuthManager::EdgeLogTokenErrorState] Token error with: None for account type: MSA
2026-04-14 04:16:22.578: [INFO][Sync] Credentials changed for: EdgeSyncKeyDataScope
2026-04-14 04:16:28.110: [INFO][Sync] Try to start sync engine
2026-04-14 04:16:28.144: [INFO][SyncManagerImpl::NudgeForInitialDownload] Initial download nudge for Encryption Keys
2026-04-14 04:16:28.144: [INFO][SyncEngineBackend::LoadAndConnectNigoriController] Load and connect Nigori controller
2026-04-14 04:16:28.144: [INFO][SyncEngineBackend::DoInitialize] Control Types added: Encryption Keys
2026-04-14 04:16:28.144: [INFO][SyncManagerImpl::ConfigureSyncer] Types to download: Encryption Keys with reason: 3
2026-04-14 04:16:28.144: [INFO][SyncEngineBackend::DoUpdateKeyDataCredentials] Update key data credentials
2026-04-14 04:16:28.144: [INFO][SyncSchedulerImpl::DoConfigurationSyncCycleJob] Configure job was blocked
2026-04-14 04:16:28.149: [INFO][SyncAuthManager::SetLastAuthError] Current auth error: None
2026-04-14 04:16:28.149: [INFO][SyncAuthManager::EdgeLogTokenErrorState] Token error with: None for account type: MSA
2026-04-14 04:16:28.149: [INFO][Sync] Credentials changed for: EdgeSyncScopeNew
2026-04-14 04:16:28.149: [INFO][SyncEngineBackend::DoUpdateCredentials] Update credentials
2026-04-14 04:16:28.149: [INFO][SyncEngineBackend::DoUpdateKeyDataCredentials] Update key data credentials
2026-04-14 04:16:28.149: [INFO][SyncSchedulerImpl::DoConfigurationSyncCycleJob] Blocked types:  and types to download: Encryption Keys
2026-04-14 04:16:28.448: [INFO][Sync] Started DataTypeManager configuration, reason: 4
2026-04-14 04:16:28.448: [INFO][Sync] Configuring for: Bookmarks, Preferences, Passwords, Autofill Profiles, Autofill, Extensions, Sessions, Extension settings, History Delete Directives, Device Info, User Consents, Send Tab To Self, Web Apps, History, Saved Tab Group, WebAuthn Credentials, Collection, Edge E Drop, Edge Hub App Usage, Edge Wallet, Edge Workspace, Encryption Keys, reason: 4, current state: 0
2026-04-14 04:16:28.448: [WARN][Sync] Crypto error data types: Passwords, Autofill Profiles, Autofill
2026-04-14 04:16:28.450: [INFO][Sync] Configure, desired: Bookmarks, Preferences, Extensions, Sessions, Extension settings, History Delete Directives, Device Info, User Consents, Send Tab To Self, Web Apps, History, Saved Tab Group, WebAuthn Credentials, Collection, Edge E Drop, Edge Hub App Usage, Edge Wallet, Edge Workspace, Encryption Keys; Allow fail: Passwords, Autofill Profiles, Autofill
2026-04-14 04:16:28.450: [INFO][Sync] Loading: Bookmarks
2026-04-14 04:16:28.450: [INFO][Sync] Loading: Preferences
2026-04-14 04:16:28.450: [INFO][Sync] Loading: Extensions
2026-04-14 04:16:28.450: [INFO][Sync] Loading: Sessions
2026-04-14 04:16:28.450: [INFO][Sync] Loading: Extension settings
2026-04-14 04:16:28.450: [INFO][Sync] Loading: History Delete Directives
2026-04-14 04:16:28.450: [INFO][Sync] Loading: Device Info
2026-04-14 04:16:28.450: [INFO][Sync] Loading: User Consents
2026-04-14 04:16:28.450: [INFO][Sync] Loading: Send Tab To Self
2026-04-14 04:16:28.450: [INFO][Sync] Loading: Web Apps
2026-04-14 04:16:28.450: [INFO][Sync] Loading: History
2026-04-14 04:16:28.450: [INFO][Sync] Loading: Saved Tab Group
2026-04-14 04:16:28.450: [INFO][Sync] Loading: WebAuthn Credentials
2026-04-14 04:16:28.450: [INFO][Sync] Loading: Collection
2026-04-14 04:16:28.450: [INFO][Sync] Loading: Edge E Drop
2026-04-14 04:16:28.450: [INFO][Sync] Loading: Edge Hub App Usage
2026-04-14 04:16:28.450: [INFO][Sync] Loading: Edge Wallet
2026-04-14 04:16:28.450: [INFO][Sync] Loading: Edge Workspace
2026-04-14 04:16:28.456: [INFO][Sync] All data types are ready for configure.
2026-04-14 04:16:29.680: [INFO][Sync] Started DataTypeManager configuration, reason: 5
2026-04-14 04:16:29.680: [INFO][Sync] Configuring for: Bookmarks, Preferences, Passwords, Autofill Profiles, Autofill, Extensions, Sessions, Extension settings, History Delete Directives, Device Info, User Consents, Send Tab To Self, Web Apps, History, Saved Tab Group, WebAuthn Credentials, Collection, Edge E Drop, Edge Hub App Usage, Edge Wallet, Edge Workspace, Encryption Keys, reason: 5, current state: 1
2026-04-14 04:16:29.682: [INFO][SyncEngineBackend::DoStartConfiguration] Start configuration
2026-04-14 04:16:29.682: [INFO][SyncManagerImpl::ConfigureSyncer] Types to download:  with reason: 4
2026-04-14 04:16:29.682: [INFO][SyncEngineBackend::DoFinishConfigureDataTypes] Failed to download types:  and succeeded types: 
2026-04-14 04:16:29.682: [INFO][Sync] ConfigurationDone, failed: , succeeded: , remaining count: 4
2026-04-14 04:16:29.682: [WARN][Sync]     Reconfigure requested while configuration ongoing.
2026-04-14 04:16:29.682: [INFO][Sync] Configuring for: Bookmarks, Preferences, Passwords, Autofill Profiles, Autofill, Extensions, Sessions, Extension settings, History Delete Directives, Device Info, User Consents, Send Tab To Self, Web Apps, History, Saved Tab Group, WebAuthn Credentials, Collection, Edge E Drop, Edge Hub App Usage, Edge Wallet, Edge Workspace, Encryption Keys, reason: 5, current state: 2
2026-04-14 04:16:29.682: [INFO][Sync] Configure, desired: Bookmarks, Preferences, Passwords, Autofill Profiles, Autofill, Extensions, Sessions, Extension settings, History Delete Directives, Device Info, User Consents, Send Tab To Self, Web Apps, History, Saved Tab Group, WebAuthn Credentials, Collection, Edge E Drop, Edge Hub App Usage, Edge Wallet, Edge Workspace, Encryption Keys; Allow fail: 
2026-04-14 04:16:29.682: [INFO][Sync] Loading: Passwords
2026-04-14 04:16:29.682: [INFO][Sync] Loading: Autofill Profiles
2026-04-14 04:16:29.682: [INFO][Sync] Loading: Autofill
2026-04-14 04:16:29.682: [INFO][Sync] All data types are ready for configure.
2026-04-14 04:16:29.683: [INFO][SyncManagerImpl::NudgeForInitialDownload] Initial download nudge for Passwords
2026-04-14 04:16:29.683: [INFO][SyncManagerImpl::ConfigureSyncer] Types to download:  with reason: 5
2026-04-14 04:16:29.683: [INFO][SyncEngineBackend::DoFinishConfigureDataTypes] Failed to download types:  and succeeded types: 
2026-04-14 04:16:29.683: [INFO][Sync] ConfigurationDone, failed: , succeeded: , remaining count: 4
2026-04-14 04:16:29.683: [INFO][Sync] Prepare to configure types: Passwords, Encryption Keys
2026-04-14 04:16:29.683: [INFO][SyncManagerImpl::ConfigureSyncer] Types to download: Passwords, Encryption Keys with reason: 5
2026-04-14 04:16:29.683: [INFO][SyncSchedulerImpl::DoConfigurationSyncCycleJob] Blocked types:  and types to download: Passwords, Encryption Keys
2026-04-14 04:16:29.802: [INFO][SyncEngineBackend::DoFinishConfigureDataTypes] Failed to download types:  and succeeded types: Passwords, Encryption Keys
2026-04-14 04:16:29.805: [INFO][Sync] ConfigurationDone, failed: , succeeded: Passwords, Encryption Keys, remaining count: 3
2026-04-14 04:16:29.805: [INFO][SyncManagerImpl::ConfigureSyncer] Types to download:  with reason: 5
2026-04-14 04:16:29.805: [INFO][SyncEngineBackend::DoFinishConfigureDataTypes] Failed to download types:  and succeeded types: 
2026-04-14 04:16:29.808: [INFO][Sync] ConfigurationDone, failed: , succeeded: , remaining count: 2
2026-04-14 04:16:29.808: [INFO][SyncManagerImpl::ConfigureSyncer] Types to download:  with reason: 5
2026-04-14 04:16:29.808: [INFO][SyncEngineBackend::DoFinishConfigureDataTypes] Failed to download types:  and succeeded types: 
2026-04-14 04:16:29.808: [INFO][Sync] ConfigurationDone, failed: , succeeded: , remaining count: 1
2026-04-14 04:16:29.810: [INFO][SyncManagerImpl::ConfigureSyncer] Types to download:  with reason: 5
2026-04-14 04:16:29.810: [INFO][SyncEngineBackend::DoFinishConfigureDataTypes] Failed to download types:  and succeeded types: 
2026-04-14 04:16:29.810: [INFO][Sync] ConfigurationDone, failed: , succeeded: , remaining count: 0
2026-04-14 04:16:29.812: [INFO][Sync]     Configuration completed, state: 7
2026-04-14 04:16:29.813: [INFO][Sync] Configured DataTypeManager: Ok
2026-04-14 04:16:29.815: [INFO][SyncEngineBackend::DoStartSyncing] Start syncing
2026-04-14 04:28:26.584: [INFO][Sync] Reset engine, reason: 0
2026-04-14 04:28:26.584: [INFO][Sync] Reset engine with reason: 0
2026-04-14 04:28:51.128: [INFO][Sync] Reset engine, reason: 8
2026-04-14 04:28:51.128: [INFO][Sync] Stopped: Bookmarks
2026-04-14 04:28:51.128: [INFO][Sync] Stopped: Preferences
2026-04-14 04:28:51.128: [INFO][Sync] Stopped: Passwords
2026-04-14 04:28:51.128: [INFO][Sync] Stopped: Autofill Profiles
2026-04-14 04:28:51.128: [INFO][Sync] Stopped: Autofill
2026-04-14 04:28:51.128: [INFO][Sync] Stopped: Extensions
2026-04-14 04:28:51.128: [INFO][Sync] Stopped: Sessions
2026-04-14 04:28:51.128: [INFO][Sync] Stopped: Extension settings
2026-04-14 04:28:51.128: [INFO][Sync] Stopped: History Delete Directives
2026-04-14 04:28:51.128: [INFO][Sync] Stopped: Device Info
2026-04-14 04:28:51.128: [INFO][Sync] Stopped: User Consents
2026-04-14 04:28:51.128: [INFO][Sync] Stopped: Send Tab To Self
2026-04-14 04:28:51.128: [INFO][Sync] Stopped: Web Apps
2026-04-14 04:28:51.128: [INFO][Sync] Stopped: History
2026-04-14 04:28:51.128: [INFO][Sync] Stopped: Saved Tab Group
2026-04-14 04:28:51.128: [INFO][Sync] Stopped: WebAuthn Credentials
2026-04-14 04:28:51.128: [INFO][Sync] Stopped: Collection
2026-04-14 04:28:51.128: [INFO][Sync] Stopped: Edge E Drop
2026-04-14 04:28:51.128: [INFO][Sync] Stopped: Edge Hub App Usage
2026-04-14 04:28:51.128: [INFO][Sync] Stopped: Edge Wallet
2026-04-14 04:28:51.128: [INFO][Sync] Stopped: Edge Workspace
2026-04-14 04:28:51.128: [INFO][Sync] SyncState after authenticated was: NotSignedIn
2026-04-14 04:28:51.289: [INFO][Sync] Reset engine, reason: 8
2026-04-14 04:28:51.289: [INFO][Sync] Stopped: Bookmarks
2026-04-14 04:28:51.289: [INFO][Sync] Stopped: Preferences
2026-04-14 04:28:51.289: [INFO][Sync] Stopped: Passwords
2026-04-14 04:28:51.289: [INFO][Sync] Stopped: Autofill Profiles
2026-04-14 04:28:51.289: [INFO][Sync] Stopped: Autofill
2026-04-14 04:28:51.289: [INFO][Sync] Stopped: Extensions
2026-04-14 04:28:51.289: [INFO][Sync] Stopped: Sessions
2026-04-14 04:28:51.289: [INFO][Sync] Stopped: Extension settings
2026-04-14 04:28:51.289: [INFO][Sync] Stopped: History Delete Directives
2026-04-14 04:28:51.289: [INFO][Sync] Stopped: Device Info
2026-04-14 04:28:51.289: [INFO][Sync] Stopped: User Consents
2026-04-14 04:28:51.289: [INFO][Sync] Stopped: Send Tab To Self
2026-04-14 04:28:51.289: [INFO][Sync] Stopped: Web Apps
2026-04-14 04:28:51.289: [INFO][Sync] Stopped: History
2026-04-14 04:28:51.289: [INFO][Sync] Stopped: Saved Tab Group
2026-04-14 04:28:51.289: [INFO][Sync] Stopped: WebAuthn Credentials
2026-04-14 04:28:51.289: [INFO][Sync] Stopped: Collection
2026-04-14 04:28:51.289: [INFO][Sync] Stopped: Edge E Drop
2026-04-14 04:28:51.289: [INFO][Sync] Stopped: Edge Hub App Usage
2026-04-14 04:28:51.289: [INFO][Sync] Stopped: Edge Wallet
2026-04-14 04:28:51.289: [INFO][Sync] Stopped: Edge Workspace
2026-04-14 04:28:52.269: [INFO][Sync] Try to start sync engine
2026-04-14 04:28:52.270: [INFO][SyncManagerImpl::NudgeForInitialDownload] Initial download nudge for Encryption Keys
2026-04-14 04:28:52.270: [INFO][SyncEngineBackend::LoadAndConnectNigoriController] Load and connect Nigori controller
2026-04-14 04:28:52.270: [INFO][SyncEngineBackend::DoInitialize] Control Types added: Encryption Keys
2026-04-14 04:28:52.270: [INFO][SyncManagerImpl::ConfigureSyncer] Types to download: Encryption Keys with reason: 3
2026-04-14 04:28:52.270: [INFO][SyncSchedulerImpl::DoConfigurationSyncCycleJob] Configure job was blocked
2026-04-14 04:28:52.293: [INFO][SyncAuthManager::SetLastAuthError] Current auth error: None
2026-04-14 04:28:52.293: [INFO][SyncAuthManager::EdgeLogTokenErrorState] Token error with: None for account type: MSA
2026-04-14 04:28:52.293: [INFO][Sync] Credentials changed for: EdgeSyncScopeNew
2026-04-14 04:28:52.891: [INFO][SyncAuthManager::SetLastAuthError] Current auth error: None
2026-04-14 04:28:52.891: [INFO][SyncAuthManager::EdgeLogTokenErrorState] Token error with: None for account type: MSA
2026-04-14 04:28:52.891: [INFO][Sync] Credentials changed for: EdgeSyncKeyDataScope
2026-04-14 04:28:52.891: [INFO][SyncEngineBackend::DoUpdateKeyDataCredentials] Update key data credentials
2026-04-14 04:28:52.891: [INFO][SyncEngineBackend::DoUpdateCredentials] Update credentials
2026-04-14 04:28:52.891: [INFO][SyncSchedulerImpl::DoConfigurationSyncCycleJob] Blocked types:  and types to download: Encryption Keys
2026-04-14 04:28:53.107: [INFO][Sync] Started DataTypeManager configuration, reason: 4
2026-04-14 04:28:53.107: [INFO][Sync] Configuring for: Bookmarks, Preferences, Passwords, Autofill Profiles, Autofill, Extensions, Sessions, Extension settings, History Delete Directives, Device Info, User Consents, Send Tab To Self, Web Apps, History, Saved Tab Group, WebAuthn Credentials, Collection, Edge E Drop, Edge Hub App Usage, Edge Wallet, Edge Workspace, Encryption Keys, reason: 4, current state: 0
2026-04-14 04:28:53.107: [WARN][Sync] Crypto error data types: Passwords, Autofill Profiles, Autofill
2026-04-14 04:28:53.109: [INFO][Sync] Configure, desired: Bookmarks, Preferences, Extensions, Sessions, Extension settings, History Delete Directives, Device Info, User Consents, Send Tab To Self, Web Apps, History, Saved Tab Group, WebAuthn Credentials, Collection, Edge E Drop, Edge Hub App Usage, Edge Wallet, Edge Workspace, Encryption Keys; Allow fail: Passwords, Autofill Profiles, Autofill
2026-04-14 04:28:53.109: [INFO][Sync] Loading: Bookmarks
2026-04-14 04:28:53.109: [INFO][Sync] Loading: Preferences
2026-04-14 04:28:53.109: [INFO][Sync] Loading: Extensions
2026-04-14 04:28:53.109: [INFO][Sync] Loading: Sessions
2026-04-14 04:28:53.109: [INFO][Sync] Loading: Extension settings
2026-04-14 04:28:53.109: [INFO][Sync] Loading: History Delete Directives
2026-04-14 04:28:53.109: [INFO][Sync] Loading: Device Info
2026-04-14 04:28:53.109: [INFO][Sync] Loading: User Consents
2026-04-14 04:28:53.109: [INFO][Sync] Loading: Send Tab To Self
2026-04-14 04:28:53.109: [INFO][Sync] Loading: Web Apps
2026-04-14 04:28:53.109: [INFO][Sync] Loading: History
2026-04-14 04:28:53.109: [INFO][Sync] Loading: Saved Tab Group
2026-04-14 04:28:53.109: [INFO][Sync] Loading: WebAuthn Credentials
2026-04-14 04:28:53.109: [INFO][Sync] Loading: Collection
2026-04-14 04:28:53.109: [INFO][Sync] Loading: Edge E Drop
2026-04-14 04:28:53.109: [INFO][Sync] Loading: Edge Hub App Usage
2026-04-14 04:28:53.109: [INFO][Sync] Loading: Edge Wallet
2026-04-14 04:28:53.109: [INFO][Sync] Loading: Edge Workspace
2026-04-14 04:28:53.116: [INFO][Sync] All data types are ready for configure.
2026-04-14 04:28:53.499: [INFO][Sync] Started DataTypeManager configuration, reason: 5
2026-04-14 04:28:53.500: [INFO][Sync] Configuring for: Bookmarks, Preferences, Passwords, Autofill Profiles, Autofill, Extensions, Sessions, Extension settings, History Delete Directives, Device Info, User Consents, Send Tab To Self, Web Apps, History, Saved Tab Group, WebAuthn Credentials, Collection, Edge E Drop, Edge Hub App Usage, Edge Wallet, Edge Workspace, Encryption Keys, reason: 5, current state: 1
2026-04-14 04:28:53.501: [INFO][SyncEngineBackend::DoStartConfiguration] Start configuration
2026-04-14 04:28:53.501: [INFO][SyncManagerImpl::NudgeForInitialDownload] Initial download nudge for Bookmarks
2026-04-14 04:28:53.501: [INFO][SyncManagerImpl::NudgeForInitialDownload] Initial download nudge for Preferences
2026-04-14 04:28:53.501: [INFO][SyncManagerImpl::NudgeForInitialDownload] Initial download nudge for Extensions
2026-04-14 04:28:53.501: [INFO][SyncManagerImpl::NudgeForInitialDownload] Initial download nudge for Sessions
2026-04-14 04:28:53.501: [INFO][SyncManagerImpl::NudgeForInitialDownload] Initial download nudge for Extension settings
2026-04-14 04:28:53.501: [INFO][SyncManagerImpl::NudgeForInitialDownload] Initial download nudge for History Delete Directives
2026-04-14 04:28:53.501: [INFO][SyncManagerImpl::NudgeForInitialDownload] Initial download nudge for Device Info
2026-04-14 04:28:53.501: [INFO][SyncManagerImpl::NudgeForInitialDownload] Initial download nudge for Send Tab To Self
2026-04-14 04:28:53.501: [INFO][SyncManagerImpl::NudgeForInitialDownload] Initial download nudge for Web Apps
2026-04-14 04:28:53.501: [INFO][SyncManagerImpl::NudgeForInitialDownload] Initial download nudge for History
2026-04-14 04:28:53.501: [INFO][SyncManagerImpl::NudgeForInitialDownload] Initial download nudge for Saved Tab Group
2026-04-14 04:28:53.501: [INFO][SyncManagerImpl::NudgeForInitialDownload] Initial download nudge for WebAuthn Credentials
2026-04-14 04:28:53.501: [INFO][SyncManagerImpl::NudgeForInitialDownload] Initial download nudge for Collection
2026-04-14 04:28:53.501: [INFO][SyncManagerImpl::NudgeForInitialDownload] Initial download nudge for Edge E Drop
2026-04-14 04:28:53.501: [INFO][SyncManagerImpl::NudgeForInitialDownload] Initial download nudge for Edge Hub App Usage
2026-04-14 04:28:53.501: [INFO][SyncManagerImpl::NudgeForInitialDownload] Initial download nudge for Edge Wallet
2026-04-14 04:28:53.501: [INFO][SyncManagerImpl::NudgeForInitialDownload] Initial download nudge for Edge Workspace
2026-04-14 04:28:53.501: [INFO][SyncManagerImpl::ConfigureSyncer] Types to download:  with reason: 4
2026-04-14 04:28:53.501: [INFO][SyncEngineBackend::DoFinishConfigureDataTypes] Failed to download types:  and succeeded types: 
2026-04-14 04:28:53.502: [INFO][Sync] ConfigurationDone, failed: , succeeded: , remaining count: 4
2026-04-14 04:28:53.502: [WARN][Sync]     Reconfigure requested while configuration ongoing.
2026-04-14 04:28:53.502: [INFO][Sync] Configuring for: Bookmarks, Preferences, Passwords, Autofill Profiles, Autofill, Extensions, Sessions, Extension settings, History Delete Directives, Device Info, User Consents, Send Tab To Self, Web Apps, History, Saved Tab Group, WebAuthn Credentials, Collection, Edge E Drop, Edge Hub App Usage, Edge Wallet, Edge Workspace, Encryption Keys, reason: 5, current state: 2
2026-04-14 04:28:53.502: [INFO][Sync] Configure, desired: Bookmarks, Preferences, Passwords, Autofill Profiles, Autofill, Extensions, Sessions, Extension settings, History Delete Directives, Device Info, User Consents, Send Tab To Self, Web Apps, History, Saved Tab Group, WebAuthn Credentials, Collection, Edge E Drop, Edge Hub App Usage, Edge Wallet, Edge Workspace, Encryption Keys; Allow fail: 
2026-04-14 04:28:53.502: [INFO][Sync] Loading: Passwords
2026-04-14 04:28:53.502: [INFO][Sync] Loading: Autofill Profiles
2026-04-14 04:28:53.502: [INFO][Sync] Loading: Autofill
2026-04-14 04:28:53.502: [INFO][Sync] All data types are ready for configure.
2026-04-14 04:28:53.502: [INFO][SyncManagerImpl::NudgeForInitialDownload] Initial download nudge for Passwords
2026-04-14 04:28:53.502: [INFO][SyncManagerImpl::NudgeForInitialDownload] Initial download nudge for Autofill Profiles
2026-04-14 04:28:53.502: [INFO][SyncManagerImpl::NudgeForInitialDownload] Initial download nudge for Autofill
2026-04-14 04:28:53.502: [INFO][SyncManagerImpl::ConfigureSyncer] Types to download:  with reason: 5
2026-04-14 04:28:53.502: [INFO][SyncEngineBackend::DoFinishConfigureDataTypes] Failed to download types:  and succeeded types: 
2026-04-14 04:28:53.502: [INFO][Sync] ConfigurationDone, failed: , succeeded: , remaining count: 4
2026-04-14 04:28:53.502: [INFO][Sync] Prepare to configure types: Preferences, Passwords, Device Info, Send Tab To Self, Edge E Drop, Encryption Keys
2026-04-14 04:28:53.502: [INFO][SyncManagerImpl::ConfigureSyncer] Types to download: Preferences, Passwords, Device Info, Send Tab To Self, Edge E Drop, Encryption Keys with reason: 5
2026-04-14 04:28:53.502: [INFO][SyncSchedulerImpl::DoConfigurationSyncCycleJob] Blocked types:  and types to download: Preferences, Passwords, Device Info, Send Tab To Self, Edge E Drop, Encryption Keys
2026-04-14 04:28:53.683: [INFO][SyncEngineBackend::DoFinishConfigureDataTypes] Failed to download types:  and succeeded types: Preferences, Passwords, Device Info, Send Tab To Self, Edge E Drop, Encryption Keys
2026-04-14 04:28:53.687: [INFO][Sync] ConfigurationDone, failed: , succeeded: Preferences, Passwords, Device Info, Send Tab To Self, Edge E Drop, Encryption Keys, remaining count: 3
2026-04-14 04:28:53.687: [INFO][Sync] Prepare to configure types: Bookmarks, Encryption Keys
2026-04-14 04:28:53.687: [INFO][SyncManagerImpl::ConfigureSyncer] Types to download: Bookmarks, Encryption Keys with reason: 5
2026-04-14 04:28:53.687: [INFO][SyncSchedulerImpl::DoConfigurationSyncCycleJob] Blocked types:  and types to download: Bookmarks, Encryption Keys
2026-04-14 04:28:53.790: [INFO][SyncEngineBackend::DoFinishConfigureDataTypes] Failed to download types:  and succeeded types: Bookmarks, Encryption Keys
2026-04-14 04:28:53.793: [INFO][Sync] ConfigurationDone, failed: , succeeded: Bookmarks, Encryption Keys, remaining count: 2
2026-04-14 04:28:53.793: [INFO][Sync] Prepare to configure types: Autofill Profiles, Autofill, Extensions, Sessions, Extension settings, History Delete Directives, Web Apps, Saved Tab Group, WebAuthn Credentials, Collection, Edge Hub App Usage, Edge Wallet, Edge Workspace, Encryption Keys
2026-04-14 04:28:53.793: [INFO][SyncManagerImpl::ConfigureSyncer] Types to download: Autofill Profiles, Autofill, Extensions, Sessions, Extension settings, History Delete Directives, Web Apps, Saved Tab Group, WebAuthn Credentials, Collection, Edge Hub App Usage, Edge Wallet, Edge Workspace, Encryption Keys with reason: 5
2026-04-14 04:28:53.793: [INFO][SyncSchedulerImpl::DoConfigurationSyncCycleJob] Blocked types:  and types to download: Autofill Profiles, Autofill, Extensions, Sessions, Extension settings, History Delete Directives, Web Apps, Saved Tab Group, WebAuthn Credentials, Collection, Edge Hub App Usage, Edge Wallet, Edge Workspace, Encryption Keys
2026-04-14 04:28:53.997: [INFO][SyncEngineBackend::DoFinishConfigureDataTypes] Failed to download types:  and succeeded types: Autofill Profiles, Autofill, Extensions, Sessions, Extension settings, History Delete Directives, Web Apps, Saved Tab Group, WebAuthn Credentials, Collection, Edge Hub App Usage, Edge Wallet, Edge Workspace, Encryption Keys
2026-04-14 04:28:54.000: [INFO][Sync] ConfigurationDone, failed: , succeeded: Autofill Profiles, Autofill, Extensions, Sessions, Extension settings, History Delete Directives, Web Apps, Saved Tab Group, WebAuthn Credentials, Collection, Edge Hub App Usage, Edge Wallet, Edge Workspace, Encryption Keys, remaining count: 1
2026-04-14 04:28:54.003: [INFO][Sync] Prepare to configure types: History, Encryption Keys
2026-04-14 04:28:54.003: [INFO][SyncManagerImpl::ConfigureSyncer] Types to download: History, Encryption Keys with reason: 5
2026-04-14 04:28:54.003: [INFO][SyncSchedulerImpl::DoConfigurationSyncCycleJob] Blocked types:  and types to download: History, Encryption Keys
2026-04-14 04:28:54.591: [INFO][SyncEngineBackend::DoFinishConfigureDataTypes] Failed to download types:  and succeeded types: History, Encryption Keys
2026-04-14 04:28:54.593: [INFO][Sync] ConfigurationDone, failed: , succeeded: History, Encryption Keys, remaining count: 0
2026-04-14 04:28:54.597: [INFO][Sync]     Configuration completed, state: 7
2026-04-14 04:28:54.597: [INFO][Sync] Configured DataTypeManager: Ok
2026-04-14 04:28:54.601: [INFO][SyncEngineBackend::DoStartSyncing] Start syncing
2026-04-14 04:46:18.678: [INFO][Sync] Reset engine, reason: 0
2026-04-14 04:46:18.678: [INFO][Sync] Reset engine with reason: 0
2026-04-14 04:47:07.315: [INFO][Sync] SyncState after authenticated was: FeatureCanStart
2026-04-14 04:47:09.429: [INFO][SyncAuthManager::SetLastAuthError] Current auth error: None
2026-04-14 04:47:09.429: [INFO][SyncAuthManager::EdgeLogTokenErrorState] Token error with: None for account type: MSA
2026-04-14 04:47:09.429: [INFO][Sync] Credentials changed for: EdgeSyncKeyDataScope
2026-04-14 04:47:13.789: [INFO][Sync] Try to start sync engine
2026-04-14 04:47:13.827: [INFO][SyncManagerImpl::NudgeForInitialDownload] Initial download nudge for Encryption Keys
2026-04-14 04:47:13.827: [INFO][SyncEngineBackend::LoadAndConnectNigoriController] Load and connect Nigori controller
2026-04-14 04:47:13.827: [INFO][SyncEngineBackend::DoInitialize] Control Types added: Encryption Keys
2026-04-14 04:47:13.827: [INFO][SyncManagerImpl::ConfigureSyncer] Types to download: Encryption Keys with reason: 3
2026-04-14 04:47:13.827: [INFO][SyncEngineBackend::DoUpdateKeyDataCredentials] Update key data credentials
2026-04-14 04:47:13.827: [INFO][SyncSchedulerImpl::DoConfigurationSyncCycleJob] Configure job was blocked
2026-04-14 04:47:13.832: [INFO][SyncAuthManager::SetLastAuthError] Current auth error: None
2026-04-14 04:47:13.832: [INFO][SyncAuthManager::EdgeLogTokenErrorState] Token error with: None for account type: MSA
2026-04-14 04:47:13.832: [INFO][Sync] Credentials changed for: EdgeSyncScopeNew
2026-04-14 04:47:13.832: [INFO][SyncEngineBackend::DoUpdateCredentials] Update credentials
2026-04-14 04:47:13.832: [INFO][SyncEngineBackend::DoUpdateKeyDataCredentials] Update key data credentials
2026-04-14 04:47:13.832: [INFO][SyncSchedulerImpl::DoConfigurationSyncCycleJob] Blocked types:  and types to download: Encryption Keys
2026-04-14 04:47:14.060: [INFO][Sync] Started DataTypeManager configuration, reason: 4
2026-04-14 04:47:14.060: [INFO][Sync] Configuring for: Bookmarks, Preferences, Passwords, Autofill Profiles, Autofill, Extensions, Sessions, Extension settings, History Delete Directives, Device Info, User Consents, Send Tab To Self, Web Apps, History, Saved Tab Group, WebAuthn Credentials, Collection, Edge E Drop, Edge Hub App Usage, Edge Wallet, Edge Workspace, Encryption Keys, reason: 4, current state: 0
2026-04-14 04:47:14.060: [WARN][Sync] Crypto error data types: Passwords, Autofill Profiles, Autofill
2026-04-14 04:47:14.062: [INFO][Sync] Configure, desired: Bookmarks, Preferences, Extensions, Sessions, Extension settings, History Delete Directives, Device Info, User Consents, Send Tab To Self, Web Apps, History, Saved Tab Group, WebAuthn Credentials, Collection, Edge E Drop, Edge Hub App Usage, Edge Wallet, Edge Workspace, Encryption Keys; Allow fail: Passwords, Autofill Profiles, Autofill
2026-04-14 04:47:14.062: [INFO][Sync] Loading: Bookmarks
2026-04-14 04:47:14.062: [INFO][Sync] Loading: Preferences
2026-04-14 04:47:14.062: [INFO][Sync] Loading: Extensions
2026-04-14 04:47:14.062: [INFO][Sync] Loading: Sessions
2026-04-14 04:47:14.062: [INFO][Sync] Loading: Extension settings
2026-04-14 04:47:14.062: [INFO][Sync] Loading: History Delete Directives
2026-04-14 04:47:14.062: [INFO][Sync] Loading: Device Info
2026-04-14 04:47:14.062: [INFO][Sync] Loading: User Consents
2026-04-14 04:47:14.062: [INFO][Sync] Loading: Send Tab To Self
2026-04-14 04:47:14.062: [INFO][Sync] Loading: Web Apps
2026-04-14 04:47:14.062: [INFO][Sync] Loading: History
2026-04-14 04:47:14.062: [INFO][Sync] Loading: Saved Tab Group
2026-04-14 04:47:14.062: [INFO][Sync] Loading: WebAuthn Credentials
2026-04-14 04:47:14.062: [INFO][Sync] Loading: Collection
2026-04-14 04:47:14.062: [INFO][Sync] Loading: Edge E Drop
2026-04-14 04:47:14.062: [INFO][Sync] Loading: Edge Hub App Usage
2026-04-14 04:47:14.062: [INFO][Sync] Loading: Edge Wallet
2026-04-14 04:47:14.062: [INFO][Sync] Loading: Edge Workspace
2026-04-14 04:47:14.069: [INFO][Sync] All data types are ready for configure.
2026-04-14 04:47:15.346: [INFO][Sync] Started DataTypeManager configuration, reason: 5
2026-04-14 04:47:15.346: [INFO][Sync] Configuring for: Bookmarks, Preferences, Passwords, Autofill Profiles, Autofill, Extensions, Sessions, Extension settings, History Delete Directives, Device Info, User Consents, Send Tab To Self, Web Apps, History, Saved Tab Group, WebAuthn Credentials, Collection, Edge E Drop, Edge Hub App Usage, Edge Wallet, Edge Workspace, Encryption Keys, reason: 5, current state: 1
2026-04-14 04:47:15.348: [INFO][SyncEngineBackend::DoStartConfiguration] Start configuration
2026-04-14 04:47:15.348: [INFO][SyncManagerImpl::ConfigureSyncer] Types to download:  with reason: 4
2026-04-14 04:47:15.348: [INFO][SyncEngineBackend::DoFinishConfigureDataTypes] Failed to download types:  and succeeded types: 
2026-04-14 04:47:15.349: [INFO][Sync] ConfigurationDone, failed: , succeeded: , remaining count: 4
2026-04-14 04:47:15.349: [WARN][Sync]     Reconfigure requested while configuration ongoing.
2026-04-14 04:47:15.349: [INFO][Sync] Configuring for: Bookmarks, Preferences, Passwords, Autofill Profiles, Autofill, Extensions, Sessions, Extension settings, History Delete Directives, Device Info, User Consents, Send Tab To Self, Web Apps, History, Saved Tab Group, WebAuthn Credentials, Collection, Edge E Drop, Edge Hub App Usage, Edge Wallet, Edge Workspace, Encryption Keys, reason: 5, current state: 2
2026-04-14 04:47:15.349: [INFO][Sync] Configure, desired: Bookmarks, Preferences, Passwords, Autofill Profiles, Autofill, Extensions, Sessions, Extension settings, History Delete Directives, Device Info, User Consents, Send Tab To Self, Web Apps, History, Saved Tab Group, WebAuthn Credentials, Collection, Edge E Drop, Edge Hub App Usage, Edge Wallet, Edge Workspace, Encryption Keys; Allow fail: 
2026-04-14 04:47:15.349: [INFO][Sync] Loading: Passwords
2026-04-14 04:47:15.349: [INFO][Sync] Loading: Autofill Profiles
2026-04-14 04:47:15.349: [INFO][Sync] Loading: Autofill
2026-04-14 04:47:15.349: [INFO][Sync] All data types are ready for configure.
2026-04-14 04:47:15.350: [INFO][SyncManagerImpl::NudgeForInitialDownload] Initial download nudge for Passwords
2026-04-14 04:47:15.350: [INFO][SyncManagerImpl::ConfigureSyncer] Types to download:  with reason: 5
2026-04-14 04:47:15.350: [INFO][SyncEngineBackend::DoFinishConfigureDataTypes] Failed to download types:  and succeeded types: 
2026-04-14 04:47:15.350: [INFO][Sync] ConfigurationDone, failed: , succeeded: , remaining count: 4
2026-04-14 04:47:15.350: [INFO][Sync] Prepare to configure types: Passwords, Encryption Keys
2026-04-14 04:47:15.350: [INFO][SyncManagerImpl::ConfigureSyncer] Types to download: Passwords, Encryption Keys with reason: 5
2026-04-14 04:47:15.350: [INFO][SyncSchedulerImpl::DoConfigurationSyncCycleJob] Blocked types:  and types to download: Passwords, Encryption Keys
2026-04-14 04:47:15.471: [INFO][SyncEngineBackend::DoFinishConfigureDataTypes] Failed to download types:  and succeeded types: Passwords, Encryption Keys
2026-04-14 04:47:15.473: [INFO][Sync] ConfigurationDone, failed: , succeeded: Passwords, Encryption Keys, remaining count: 3
2026-04-14 04:47:15.473: [INFO][SyncManagerImpl::ConfigureSyncer] Types to download:  with reason: 5
2026-04-14 04:47:15.474: [INFO][SyncEngineBackend::DoFinishConfigureDataTypes] Failed to download types:  and succeeded types: 
2026-04-14 04:47:15.474: [INFO][Sync] ConfigurationDone, failed: , succeeded: , remaining count: 2
2026-04-14 04:47:15.474: [INFO][SyncManagerImpl::ConfigureSyncer] Types to download:  with reason: 5
2026-04-14 04:47:15.474: [INFO][SyncEngineBackend::DoFinishConfigureDataTypes] Failed to download types:  and succeeded types: 
2026-04-14 04:47:15.476: [INFO][Sync] ConfigurationDone, failed: , succeeded: , remaining count: 1
2026-04-14 04:47:15.479: [INFO][SyncManagerImpl::ConfigureSyncer] Types to download:  with reason: 5
2026-04-14 04:47:15.479: [INFO][SyncEngineBackend::DoFinishConfigureDataTypes] Failed to download types:  and succeeded types: 
2026-04-14 04:47:15.479: [INFO][Sync] ConfigurationDone, failed: , succeeded: , remaining count: 0
2026-04-14 04:47:15.482: [INFO][Sync]     Configuration completed, state: 7
2026-04-14 04:47:15.482: [INFO][Sync] Configured DataTypeManager: Ok
2026-04-14 04:47:15.485: [INFO][SyncEngineBackend::DoStartSyncing] Start syncing
2026-04-14 04:58:21.966: [INFO][Sync] Reset engine, reason: 0
2026-04-14 04:58:21.966: [INFO][Sync] Reset engine with reason: 0
2026-04-14 04:58:47.365: [INFO][Sync] Reset engine, reason: 8
2026-04-14 04:58:47.365: [INFO][Sync] Stopped: Bookmarks
2026-04-14 04:58:47.365: [INFO][Sync] Stopped: Preferences
2026-04-14 04:58:47.365: [INFO][Sync] Stopped: Passwords
2026-04-14 04:58:47.365: [INFO][Sync] Stopped: Autofill Profiles
2026-04-14 04:58:47.365: [INFO][Sync] Stopped: Autofill
2026-04-14 04:58:47.365: [INFO][Sync] Stopped: Extensions
2026-04-14 04:58:47.365: [INFO][Sync] Stopped: Sessions
2026-04-14 04:58:47.365: [INFO][Sync] Stopped: Extension settings
2026-04-14 04:58:47.365: [INFO][Sync] Stopped: History Delete Directives
2026-04-14 04:58:47.365: [INFO][Sync] Stopped: Device Info
2026-04-14 04:58:47.365: [INFO][Sync] Stopped: User Consents
2026-04-14 04:58:47.365: [INFO][Sync] Stopped: Send Tab To Self
2026-04-14 04:58:47.365: [INFO][Sync] Stopped: Web Apps
2026-04-14 04:58:47.365: [INFO][Sync] Stopped: History
2026-04-14 04:58:47.365: [INFO][Sync] Stopped: Saved Tab Group
2026-04-14 04:58:47.365: [INFO][Sync] Stopped: WebAuthn Credentials
2026-04-14 04:58:47.365: [INFO][Sync] Stopped: Collection
2026-04-14 04:58:47.365: [INFO][Sync] Stopped: Edge E Drop
2026-04-14 04:58:47.365: [INFO][Sync] Stopped: Edge Hub App Usage
2026-04-14 04:58:47.365: [INFO][Sync] Stopped: Edge Wallet
2026-04-14 04:58:47.365: [INFO][Sync] Stopped: Edge Workspace
2026-04-14 04:58:47.365: [INFO][Sync] SyncState after authenticated was: NotSignedIn
2026-04-14 04:58:47.518: [INFO][Sync] Reset engine, reason: 8
2026-04-14 04:58:47.518: [INFO][Sync] Stopped: Bookmarks
2026-04-14 04:58:47.518: [INFO][Sync] Stopped: Preferences
2026-04-14 04:58:47.518: [INFO][Sync] Stopped: Passwords
2026-04-14 04:58:47.518: [INFO][Sync] Stopped: Autofill Profiles
2026-04-14 04:58:47.518: [INFO][Sync] Stopped: Autofill
2026-04-14 04:58:47.518: [INFO][Sync] Stopped: Extensions
2026-04-14 04:58:47.518: [INFO][Sync] Stopped: Sessions
2026-04-14 04:58:47.518: [INFO][Sync] Stopped: Extension settings
2026-04-14 04:58:47.518: [INFO][Sync] Stopped: History Delete Directives
2026-04-14 04:58:47.518: [INFO][Sync] Stopped: Device Info
2026-04-14 04:58:47.518: [INFO][Sync] Stopped: User Consents
2026-04-14 04:58:47.518: [INFO][Sync] Stopped: Send Tab To Self
2026-04-14 04:58:47.518: [INFO][Sync] Stopped: Web Apps
2026-04-14 04:58:47.518: [INFO][Sync] Stopped: History
2026-04-14 04:58:47.518: [INFO][Sync] Stopped: Saved Tab Group
2026-04-14 04:58:47.518: [INFO][Sync] Stopped: WebAuthn Credentials
2026-04-14 04:58:47.518: [INFO][Sync] Stopped: Collection
2026-04-14 04:58:47.518: [INFO][Sync] Stopped: Edge E Drop
2026-04-14 04:58:47.518: [INFO][Sync] Stopped: Edge Hub App Usage
2026-04-14 04:58:47.518: [INFO][Sync] Stopped: Edge Wallet
2026-04-14 04:58:47.518: [INFO][Sync] Stopped: Edge Workspace
2026-04-14 04:58:50.542: [INFO][Sync] Try to start sync engine
2026-04-14 04:58:50.543: [INFO][SyncManagerImpl::NudgeForInitialDownload] Initial download nudge for Encryption Keys
2026-04-14 04:58:50.543: [INFO][SyncEngineBackend::LoadAndConnectNigoriController] Load and connect Nigori controller
2026-04-14 04:58:50.543: [INFO][SyncEngineBackend::DoInitialize] Control Types added: Encryption Keys
2026-04-14 04:58:50.543: [INFO][SyncManagerImpl::ConfigureSyncer] Types to download: Encryption Keys with reason: 3
2026-04-14 04:58:50.543: [INFO][SyncSchedulerImpl::DoConfigurationSyncCycleJob] Configure job was blocked
2026-04-14 04:58:50.570: [INFO][SyncAuthManager::SetLastAuthError] Current auth error: None
2026-04-14 04:58:50.570: [INFO][SyncAuthManager::EdgeLogTokenErrorState] Token error with: None for account type: MSA
2026-04-14 04:58:50.570: [INFO][Sync] Credentials changed for: EdgeSyncScopeNew
2026-04-14 04:58:51.129: [INFO][SyncAuthManager::SetLastAuthError] Current auth error: None
2026-04-14 04:58:51.129: [INFO][SyncAuthManager::EdgeLogTokenErrorState] Token error with: None for account type: MSA
2026-04-14 04:58:51.129: [INFO][Sync] Credentials changed for: EdgeSyncKeyDataScope
2026-04-14 04:58:51.129: [INFO][SyncEngineBackend::DoUpdateKeyDataCredentials] Update key data credentials
2026-04-14 04:58:51.129: [INFO][SyncEngineBackend::DoUpdateCredentials] Update credentials
2026-04-14 04:58:51.129: [INFO][SyncSchedulerImpl::DoConfigurationSyncCycleJob] Blocked types:  and types to download: Encryption Keys
2026-04-14 04:58:51.346: [INFO][Sync] Started DataTypeManager configuration, reason: 4
2026-04-14 04:58:51.346: [INFO][Sync] Configuring for: Bookmarks, Preferences, Passwords, Autofill Profiles, Autofill, Extensions, Sessions, Extension settings, History Delete Directives, Device Info, User Consents, Send Tab To Self, Web Apps, History, Saved Tab Group, WebAuthn Credentials, Collection, Edge E Drop, Edge Hub App Usage, Edge Wallet, Edge Workspace, Encryption Keys, reason: 4, current state: 0
2026-04-14 04:58:51.346: [WARN][Sync] Crypto error data types: Passwords, Autofill Profiles, Autofill
2026-04-14 04:58:51.349: [INFO][Sync] Configure, desired: Bookmarks, Preferences, Extensions, Sessions, Extension settings, History Delete Directives, Device Info, User Consents, Send Tab To Self, Web Apps, History, Saved Tab Group, WebAuthn Credentials, Collection, Edge E Drop, Edge Hub App Usage, Edge Wallet, Edge Workspace, Encryption Keys; Allow fail: Passwords, Autofill Profiles, Autofill
2026-04-14 04:58:51.349: [INFO][Sync] Loading: Bookmarks
2026-04-14 04:58:51.349: [INFO][Sync] Loading: Preferences
2026-04-14 04:58:51.349: [INFO][Sync] Loading: Extensions
2026-04-14 04:58:51.349: [INFO][Sync] Loading: Sessions
2026-04-14 04:58:51.349: [INFO][Sync] Loading: Extension settings
2026-04-14 04:58:51.349: [INFO][Sync] Loading: History Delete Directives
2026-04-14 04:58:51.349: [INFO][Sync] Loading: Device Info
2026-04-14 04:58:51.349: [INFO][Sync] Loading: User Consents
2026-04-14 04:58:51.349: [INFO][Sync] Loading: Send Tab To Self
2026-04-14 04:58:51.349: [INFO][Sync] Loading: Web Apps
2026-04-14 04:58:51.349: [INFO][Sync] Loading: History
2026-04-14 04:58:51.349: [INFO][Sync] Loading: Saved Tab Group
2026-04-14 04:58:51.349: [INFO][Sync] Loading: WebAuthn Credentials
2026-04-14 04:58:51.349: [INFO][Sync] Loading: Collection
2026-04-14 04:58:51.349: [INFO][Sync] Loading: Edge E Drop
2026-04-14 04:58:51.349: [INFO][Sync] Loading: Edge Hub App Usage
2026-04-14 04:58:51.349: [INFO][Sync] Loading: Edge Wallet
2026-04-14 04:58:51.349: [INFO][Sync] Loading: Edge Workspace
2026-04-14 04:58:51.359: [INFO][Sync] All data types are ready for configure.
2026-04-14 04:58:52.628: [INFO][Sync] Started DataTypeManager configuration, reason: 5
2026-04-14 04:58:52.628: [INFO][Sync] Configuring for: Bookmarks, Preferences, Passwords, Autofill Profiles, Autofill, Extensions, Sessions, Extension settings, History Delete Directives, Device Info, User Consents, Send Tab To Self, Web Apps, History, Saved Tab Group, WebAuthn Credentials, Collection, Edge E Drop, Edge Hub App Usage, Edge Wallet, Edge Workspace, Encryption Keys, reason: 5, current state: 1
2026-04-14 04:58:52.632: [INFO][SyncEngineBackend::DoStartConfiguration] Start configuration
2026-04-14 04:58:52.632: [INFO][SyncManagerImpl::NudgeForInitialDownload] Initial download nudge for Bookmarks
2026-04-14 04:58:52.632: [INFO][SyncManagerImpl::NudgeForInitialDownload] Initial download nudge for Preferences
2026-04-14 04:58:52.632: [INFO][SyncManagerImpl::NudgeForInitialDownload] Initial download nudge for Extensions
2026-04-14 04:58:52.632: [INFO][SyncManagerImpl::NudgeForInitialDownload] Initial download nudge for Sessions
2026-04-14 04:58:52.632: [INFO][SyncManagerImpl::NudgeForInitialDownload] Initial download nudge for Extension settings
2026-04-14 04:58:52.632: [INFO][SyncManagerImpl::NudgeForInitialDownload] Initial download nudge for History Delete Directives
2026-04-14 04:58:52.632: [INFO][SyncManagerImpl::NudgeForInitialDownload] Initial download nudge for Device Info
2026-04-14 04:58:52.632: [INFO][SyncManagerImpl::NudgeForInitialDownload] Initial download nudge for Send Tab To Self
2026-04-14 04:58:52.632: [INFO][SyncManagerImpl::NudgeForInitialDownload] Initial download nudge for Web Apps
2026-04-14 04:58:52.632: [INFO][SyncManagerImpl::NudgeForInitialDownload] Initial download nudge for History
2026-04-14 04:58:52.632: [INFO][SyncManagerImpl::NudgeForInitialDownload] Initial download nudge for Saved Tab Group
2026-04-14 04:58:52.632: [INFO][SyncManagerImpl::NudgeForInitialDownload] Initial download nudge for WebAuthn Credentials
2026-04-14 04:58:52.632: [INFO][SyncManagerImpl::NudgeForInitialDownload] Initial download nudge for Collection
2026-04-14 04:58:52.632: [INFO][SyncManagerImpl::NudgeForInitialDownload] Initial download nudge for Edge E Drop
2026-04-14 04:58:52.632: [INFO][SyncManagerImpl::NudgeForInitialDownload] Initial download nudge for Edge Hub App Usage
2026-04-14 04:58:52.632: [INFO][SyncManagerImpl::NudgeForInitialDownload] Initial download nudge for Edge Wallet
2026-04-14 04:58:52.632: [INFO][SyncManagerImpl::NudgeForInitialDownload] Initial download nudge for Edge Workspace
2026-04-14 04:58:52.632: [INFO][SyncManagerImpl::ConfigureSyncer] Types to download:  with reason: 4
2026-04-14 04:58:52.632: [INFO][SyncEngineBackend::DoFinishConfigureDataTypes] Failed to download types:  and succeeded types: 
2026-04-14 04:58:52.635: [INFO][Sync] ConfigurationDone, failed: , succeeded: , remaining count: 4
2026-04-14 04:58:52.635: [WARN][Sync]     Reconfigure requested while configuration ongoing.
2026-04-14 04:58:52.635: [INFO][Sync] Configuring for: Bookmarks, Preferences, Passwords, Autofill Profiles, Autofill, Extensions, Sessions, Extension settings, History Delete Directives, Device Info, User Consents, Send Tab To Self, Web Apps, History, Saved Tab Group, WebAuthn Credentials, Collection, Edge E Drop, Edge Hub App Usage, Edge Wallet, Edge Workspace, Encryption Keys, reason: 5, current state: 2
2026-04-14 04:58:52.635: [INFO][Sync] Configure, desired: Bookmarks, Preferences, Passwords, Autofill Profiles, Autofill, Extensions, Sessions, Extension settings, History Delete Directives, Device Info, User Consents, Send Tab To Self, Web Apps, History, Saved Tab Group, WebAuthn Credentials, Collection, Edge E Drop, Edge Hub App Usage, Edge Wallet, Edge Workspace, Encryption Keys; Allow fail: 
2026-04-14 04:58:52.635: [INFO][Sync] Loading: Passwords
2026-04-14 04:58:52.635: [INFO][Sync] Loading: Autofill Profiles
2026-04-14 04:58:52.635: [INFO][Sync] Loading: Autofill
2026-04-14 04:58:52.635: [INFO][Sync] All data types are ready for configure.
2026-04-14 04:58:52.635: [INFO][SyncManagerImpl::NudgeForInitialDownload] Initial download nudge for Passwords
2026-04-14 04:58:52.635: [INFO][SyncManagerImpl::NudgeForInitialDownload] Initial download nudge for Autofill Profiles
2026-04-14 04:58:52.635: [INFO][SyncManagerImpl::NudgeForInitialDownload] Initial download nudge for Autofill
2026-04-14 04:58:52.635: [INFO][SyncManagerImpl::ConfigureSyncer] Types to download:  with reason: 5
2026-04-14 04:58:52.635: [INFO][SyncEngineBackend::DoFinishConfigureDataTypes] Failed to download types:  and succeeded types: 
2026-04-14 04:58:52.635: [INFO][Sync] ConfigurationDone, failed: , succeeded: , remaining count: 4
2026-04-14 04:58:52.635: [INFO][Sync] Prepare to configure types: Preferences, Passwords, Device Info, Send Tab To Self, Edge E Drop, Encryption Keys
2026-04-14 04:58:52.635: [INFO][SyncManagerImpl::ConfigureSyncer] Types to download: Preferences, Passwords, Device Info, Send Tab To Self, Edge E Drop, Encryption Keys with reason: 5
2026-04-14 04:58:52.635: [INFO][SyncSchedulerImpl::DoConfigurationSyncCycleJob] Blocked types:  and types to download: Preferences, Passwords, Device Info, Send Tab To Self, Edge E Drop, Encryption Keys
2026-04-14 04:58:52.826: [INFO][SyncEngineBackend::DoFinishConfigureDataTypes] Failed to download types:  and succeeded types: Preferences, Passwords, Device Info, Send Tab To Self, Edge E Drop, Encryption Keys
2026-04-14 04:58:52.830: [INFO][Sync] ConfigurationDone, failed: , succeeded: Preferences, Passwords, Device Info, Send Tab To Self, Edge E Drop, Encryption Keys, remaining count: 3
2026-04-14 04:58:52.830: [INFO][Sync] Prepare to configure types: Bookmarks, Encryption Keys
2026-04-14 04:58:52.830: [INFO][SyncManagerImpl::ConfigureSyncer] Types to download: Bookmarks, Encryption Keys with reason: 5
2026-04-14 04:58:52.830: [INFO][SyncSchedulerImpl::DoConfigurationSyncCycleJob] Blocked types:  and types to download: Bookmarks, Encryption Keys
2026-04-14 04:58:52.922: [INFO][SyncEngineBackend::DoFinishConfigureDataTypes] Failed to download types:  and succeeded types: Bookmarks, Encryption Keys
2026-04-14 04:58:52.925: [INFO][Sync] ConfigurationDone, failed: , succeeded: Bookmarks, Encryption Keys, remaining count: 2
2026-04-14 04:58:52.925: [INFO][Sync] Prepare to configure types: Autofill Profiles, Autofill, Extensions, Sessions, Extension settings, History Delete Directives, Web Apps, Saved Tab Group, WebAuthn Credentials, Collection, Edge Hub App Usage, Edge Wallet, Edge Workspace, Encryption Keys
2026-04-14 04:58:52.925: [INFO][SyncManagerImpl::ConfigureSyncer] Types to download: Autofill Profiles, Autofill, Extensions, Sessions, Extension settings, History Delete Directives, Web Apps, Saved Tab Group, WebAuthn Credentials, Collection, Edge Hub App Usage, Edge Wallet, Edge Workspace, Encryption Keys with reason: 5
2026-04-14 04:58:52.925: [INFO][SyncSchedulerImpl::DoConfigurationSyncCycleJob] Blocked types:  and types to download: Autofill Profiles, Autofill, Extensions, Sessions, Extension settings, History Delete Directives, Web Apps, Saved Tab Group, WebAuthn Credentials, Collection, Edge Hub App Usage, Edge Wallet, Edge Workspace, Encryption Keys
2026-04-14 04:58:53.186: [INFO][SyncEngineBackend::DoFinishConfigureDataTypes] Failed to download types:  and succeeded types: Autofill Profiles, Autofill, Extensions, Sessions, Extension settings, History Delete Directives, Web Apps, Saved Tab Group, WebAuthn Credentials, Collection, Edge Hub App Usage, Edge Wallet, Edge Workspace, Encryption Keys
2026-04-14 04:58:53.189: [INFO][Sync] ConfigurationDone, failed: , succeeded: Autofill Profiles, Autofill, Extensions, Sessions, Extension settings, History Delete Directives, Web Apps, Saved Tab Group, WebAuthn Credentials, Collection, Edge Hub App Usage, Edge Wallet, Edge Workspace, Encryption Keys, remaining count: 1
2026-04-14 04:58:53.191: [INFO][Sync] Prepare to configure types: History, Encryption Keys
2026-04-14 04:58:53.191: [INFO][SyncManagerImpl::ConfigureSyncer] Types to download: History, Encryption Keys with reason: 5
2026-04-14 04:58:53.192: [INFO][SyncSchedulerImpl::DoConfigurationSyncCycleJob] Blocked types:  and types to download: History, Encryption Keys
2026-04-14 04:58:53.917: [INFO][SyncEngineBackend::DoFinishConfigureDataTypes] Failed to download types:  and succeeded types: History, Encryption Keys
2026-04-14 04:58:53.920: [INFO][Sync] ConfigurationDone, failed: , succeeded: History, Encryption Keys, remaining count: 0
2026-04-14 04:58:53.922: [INFO][Sync]     Configuration completed, state: 7
2026-04-14 04:58:53.922: [INFO][Sync] Configured DataTypeManager: Ok
2026-04-14 04:58:53.924: [INFO][SyncEngineBackend::DoStartSyncing] Start syncing
2026-04-14 05:09:45.962: [INFO][Sync] Reset engine, reason: 0
2026-04-14 05:09:45.962: [INFO][Sync] Reset engine with reason: 0
2026-04-14 05:10:12.099: [INFO][Sync] SyncState after authenticated was: FeatureCanStart
2026-04-14 05:10:14.210: [INFO][SyncAuthManager::SetLastAuthError] Current auth error: None
2026-04-14 05:10:14.210: [INFO][SyncAuthManager::EdgeLogTokenErrorState] Token error with: None for account type: MSA
2026-04-14 05:10:14.210: [INFO][Sync] Credentials changed for: EdgeSyncKeyDataScope
2026-04-14 05:10:18.228: [INFO][Sync] Try to start sync engine
2026-04-14 05:10:18.266: [INFO][SyncManagerImpl::NudgeForInitialDownload] Initial download nudge for Encryption Keys
2026-04-14 05:10:18.266: [INFO][SyncEngineBackend::LoadAndConnectNigoriController] Load and connect Nigori controller
2026-04-14 05:10:18.266: [INFO][SyncEngineBackend::DoInitialize] Control Types added: Encryption Keys
2026-04-14 05:10:18.266: [INFO][SyncManagerImpl::ConfigureSyncer] Types to download: Encryption Keys with reason: 3
2026-04-14 05:10:18.267: [INFO][SyncEngineBackend::DoUpdateKeyDataCredentials] Update key data credentials
2026-04-14 05:10:18.267: [INFO][SyncSchedulerImpl::DoConfigurationSyncCycleJob] Configure job was blocked
2026-04-14 05:10:18.272: [INFO][SyncAuthManager::SetLastAuthError] Current auth error: None
2026-04-14 05:10:18.272: [INFO][SyncAuthManager::EdgeLogTokenErrorState] Token error with: None for account type: MSA
2026-04-14 05:10:18.272: [INFO][Sync] Credentials changed for: EdgeSyncScopeNew
2026-04-14 05:10:18.272: [INFO][SyncEngineBackend::DoUpdateCredentials] Update credentials
2026-04-14 05:10:18.272: [INFO][SyncEngineBackend::DoUpdateKeyDataCredentials] Update key data credentials
2026-04-14 05:10:18.272: [INFO][SyncSchedulerImpl::DoConfigurationSyncCycleJob] Blocked types:  and types to download: Encryption Keys
2026-04-14 05:10:18.512: [INFO][Sync] Started DataTypeManager configuration, reason: 4
2026-04-14 05:10:18.512: [INFO][Sync] Configuring for: Bookmarks, Preferences, Passwords, Autofill Profiles, Autofill, Extensions, Sessions, Extension settings, History Delete Directives, Device Info, User Consents, Send Tab To Self, Web Apps, History, Saved Tab Group, WebAuthn Credentials, Collection, Edge E Drop, Edge Hub App Usage, Edge Wallet, Edge Workspace, Encryption Keys, reason: 4, current state: 0
2026-04-14 05:10:18.512: [WARN][Sync] Crypto error data types: Passwords, Autofill Profiles, Autofill
2026-04-14 05:10:18.515: [INFO][Sync] Configure, desired: Bookmarks, Preferences, Extensions, Sessions, Extension settings, History Delete Directives, Device Info, User Consents, Send Tab To Self, Web Apps, History, Saved Tab Group, WebAuthn Credentials, Collection, Edge E Drop, Edge Hub App Usage, Edge Wallet, Edge Workspace, Encryption Keys; Allow fail: Passwords, Autofill Profiles, Autofill
2026-04-14 05:10:18.515: [INFO][Sync] Loading: Bookmarks
2026-04-14 05:10:18.515: [INFO][Sync] Loading: Preferences
2026-04-14 05:10:18.515: [INFO][Sync] Loading: Extensions
2026-04-14 05:10:18.515: [INFO][Sync] Loading: Sessions
2026-04-14 05:10:18.515: [INFO][Sync] Loading: Extension settings
2026-04-14 05:10:18.515: [INFO][Sync] Loading: History Delete Directives
2026-04-14 05:10:18.515: [INFO][Sync] Loading: Device Info
2026-04-14 05:10:18.515: [INFO][Sync] Loading: User Consents
2026-04-14 05:10:18.515: [INFO][Sync] Loading: Send Tab To Self
2026-04-14 05:10:18.515: [INFO][Sync] Loading: Web Apps
2026-04-14 05:10:18.515: [INFO][Sync] Loading: History
2026-04-14 05:10:18.515: [INFO][Sync] Loading: Saved Tab Group
2026-04-14 05:10:18.515: [INFO][Sync] Loading: WebAuthn Credentials
2026-04-14 05:10:18.515: [INFO][Sync] Loading: Collection
2026-04-14 05:10:18.515: [INFO][Sync] Loading: Edge E Drop
2026-04-14 05:10:18.515: [INFO][Sync] Loading: Edge Hub App Usage
2026-04-14 05:10:18.515: [INFO][Sync] Loading: Edge Wallet
2026-04-14 05:10:18.515: [INFO][Sync] Loading: Edge Workspace
2026-04-14 05:10:18.522: [INFO][Sync] All data types are ready for configure.
2026-04-14 05:10:18.828: [INFO][Sync] Started DataTypeManager configuration, reason: 5
2026-04-14 05:10:18.828: [INFO][Sync] Configuring for: Bookmarks, Preferences, Passwords, Autofill Profiles, Autofill, Extensions, Sessions, Extension settings, History Delete Directives, Device Info, User Consents, Send Tab To Self, Web Apps, History, Saved Tab Group, WebAuthn Credentials, Collection, Edge E Drop, Edge Hub App Usage, Edge Wallet, Edge Workspace, Encryption Keys, reason: 5, current state: 1
2026-04-14 05:10:18.830: [INFO][SyncEngineBackend::DoStartConfiguration] Start configuration
2026-04-14 05:10:18.830: [INFO][SyncManagerImpl::ConfigureSyncer] Types to download:  with reason: 4
2026-04-14 05:10:18.830: [INFO][SyncEngineBackend::DoFinishConfigureDataTypes] Failed to download types:  and succeeded types: 
2026-04-14 05:10:18.830: [INFO][Sync] ConfigurationDone, failed: , succeeded: , remaining count: 4
2026-04-14 05:10:18.830: [WARN][Sync]     Reconfigure requested while configuration ongoing.
2026-04-14 05:10:18.830: [INFO][Sync] Configuring for: Bookmarks, Preferences, Passwords, Autofill Profiles, Autofill, Extensions, Sessions, Extension settings, History Delete Directives, Device Info, User Consents, Send Tab To Self, Web Apps, History, Saved Tab Group, WebAuthn Credentials, Collection, Edge E Drop, Edge Hub App Usage, Edge Wallet, Edge Workspace, Encryption Keys, reason: 5, current state: 2
2026-04-14 05:10:18.830: [INFO][Sync] Configure, desired: Bookmarks, Preferences, Passwords, Autofill Profiles, Autofill, Extensions, Sessions, Extension settings, History Delete Directives, Device Info, User Consents, Send Tab To Self, Web Apps, History, Saved Tab Group, WebAuthn Credentials, Collection, Edge E Drop, Edge Hub App Usage, Edge Wallet, Edge Workspace, Encryption Keys; Allow fail: 
2026-04-14 05:10:18.830: [INFO][Sync] Loading: Passwords
2026-04-14 05:10:18.830: [INFO][Sync] Loading: Autofill Profiles
2026-04-14 05:10:18.830: [INFO][Sync] Loading: Autofill
2026-04-14 05:10:18.830: [INFO][Sync] All data types are ready for configure.
2026-04-14 05:10:18.830: [INFO][SyncManagerImpl::NudgeForInitialDownload] Initial download nudge for Passwords
2026-04-14 05:10:18.831: [INFO][SyncManagerImpl::ConfigureSyncer] Types to download:  with reason: 5
2026-04-14 05:10:18.831: [INFO][SyncEngineBackend::DoFinishConfigureDataTypes] Failed to download types:  and succeeded types: 
2026-04-14 05:10:18.831: [INFO][Sync] ConfigurationDone, failed: , succeeded: , remaining count: 4
2026-04-14 05:10:18.831: [INFO][Sync] Prepare to configure types: Passwords, Encryption Keys
2026-04-14 05:10:18.831: [INFO][SyncManagerImpl::ConfigureSyncer] Types to download: Passwords, Encryption Keys with reason: 5
2026-04-14 05:10:18.831: [INFO][SyncSchedulerImpl::DoConfigurationSyncCycleJob] Blocked types:  and types to download: Passwords, Encryption Keys
2026-04-14 05:10:18.963: [INFO][SyncEngineBackend::DoFinishConfigureDataTypes] Failed to download types:  and succeeded types: Passwords, Encryption Keys
2026-04-14 05:10:18.965: [INFO][Sync] ConfigurationDone, failed: , succeeded: Passwords, Encryption Keys, remaining count: 3
2026-04-14 05:10:18.965: [INFO][SyncManagerImpl::ConfigureSyncer] Types to download:  with reason: 5
2026-04-14 05:10:18.965: [INFO][SyncEngineBackend::DoFinishConfigureDataTypes] Failed to download types:  and succeeded types: 
2026-04-14 05:10:18.968: [INFO][Sync] ConfigurationDone, failed: , succeeded: , remaining count: 2
2026-04-14 05:10:18.968: [INFO][SyncManagerImpl::ConfigureSyncer] Types to download:  with reason: 5
2026-04-14 05:10:18.968: [INFO][SyncEngineBackend::DoFinishConfigureDataTypes] Failed to download types:  and succeeded types: 
2026-04-14 05:10:18.968: [INFO][Sync] ConfigurationDone, failed: , succeeded: , remaining count: 1
2026-04-14 05:10:18.971: [INFO][SyncManagerImpl::ConfigureSyncer] Types to download:  with reason: 5
2026-04-14 05:10:18.971: [INFO][SyncEngineBackend::DoFinishConfigureDataTypes] Failed to download types:  and succeeded types: 
2026-04-14 05:10:18.972: [INFO][Sync] ConfigurationDone, failed: , succeeded: , remaining count: 0
2026-04-14 05:10:18.974: [INFO][Sync]     Configuration completed, state: 7
2026-04-14 05:10:18.974: [INFO][Sync] Configured DataTypeManager: Ok
2026-04-14 05:10:18.977: [INFO][SyncEngineBackend::DoStartSyncing] Start syncing
2026-04-14 06:17:36.531: [INFO][SyncSchedulerImpl::OnSyncNetworkError] Syncer error: Network error (ERR_NAME_NOT_RESOLVED)
2026-04-14 06:17:36.531: [INFO][Commit::ReportFullCommitFailure] Commit Sessions, History failed with error: NetworkError
2026-04-14 06:17:36.532: [INFO][SyncSchedulerImpl::DoNudgeSyncCycleJob] Syncer error: Network error (ERR_NAME_NOT_RESOLVED)
2026-04-14 06:17:36.533: [WARN][Sync] NetworkError: Network error (ERR_NAME_NOT_RESOLVED)
2026-04-14 06:17:39.089: [INFO][SyncSchedulerImpl::OnSyncNetworkError] Syncer error: Network error (ERR_NAME_NOT_RESOLVED)
2026-04-14 06:17:39.089: [INFO][Commit::ReportFullCommitFailure] Commit Sessions, History failed with error: NetworkError
2026-04-14 06:17:39.089: [INFO][SyncSchedulerImpl::DoNudgeSyncCycleJob] Syncer error: Network error (ERR_NAME_NOT_RESOLVED)
2026-04-14 06:17:39.091: [WARN][Sync] NetworkError: Network error (ERR_NAME_NOT_RESOLVED)
2026-04-14 06:17:42.894: [INFO][SyncSchedulerImpl::OnSyncNetworkError] Syncer error: Network error (ERR_NAME_NOT_RESOLVED)
2026-04-14 06:17:42.894: [INFO][Commit::ReportFullCommitFailure] Commit Sessions, History failed with error: NetworkError
2026-04-14 06:17:42.895: [INFO][SyncSchedulerImpl::DoNudgeSyncCycleJob] Syncer error: Network error (ERR_NAME_NOT_RESOLVED)
2026-04-14 06:17:42.899: [WARN][Sync] NetworkError: Network error (ERR_NAME_NOT_RESOLVED)
2026-04-14 06:17:54.092: [INFO][SyncSchedulerImpl::OnSyncNetworkError] Syncer error: Network error (ERR_NAME_NOT_RESOLVED)
2026-04-14 06:17:54.092: [INFO][Commit::ReportFullCommitFailure] Commit Sessions, History failed with error: NetworkError
2026-04-14 06:17:54.092: [INFO][SyncSchedulerImpl::DoNudgeSyncCycleJob] Syncer error: Network error (ERR_NAME_NOT_RESOLVED)
2026-04-14 06:17:54.096: [WARN][Sync] NetworkError: Network error (ERR_NAME_NOT_RESOLVED)
2026-04-14 06:17:57.256: [INFO][SyncSchedulerImpl::OnSyncNetworkError] Syncer error: Network error (ERR_NAME_NOT_RESOLVED)
2026-04-14 06:17:57.256: [INFO][Commit::ReportFullCommitFailure] Commit Sessions, History failed with error: NetworkError
2026-04-14 06:17:57.256: [INFO][SyncSchedulerImpl::DoNudgeSyncCycleJob] Syncer error: Network error (ERR_NAME_NOT_RESOLVED)
2026-04-14 06:17:57.259: [WARN][Sync] NetworkError: Network error (ERR_NAME_NOT_RESOLVED)
2026-04-14 06:18:17.722: [INFO][SyncSchedulerImpl::OnSyncNetworkError] Syncer error: Network error (ERR_NAME_NOT_RESOLVED)
2026-04-14 06:18:17.722: [INFO][Commit::ReportFullCommitFailure] Commit Sessions, History failed with error: NetworkError
2026-04-14 06:18:17.722: [INFO][SyncSchedulerImpl::DoNudgeSyncCycleJob] Syncer error: Network error (ERR_NAME_NOT_RESOLVED)
2026-04-14 06:18:17.724: [WARN][Sync] NetworkError: Network error (ERR_NAME_NOT_RESOLVED)
2026-04-14 06:18:17.771: [INFO][SyncSchedulerImpl::OnSyncNetworkError] Syncer error: Network error (ERR_NAME_NOT_RESOLVED)
2026-04-14 06:18:17.771: [INFO][Commit::ReportFullCommitFailure] Commit Sessions, History failed with error: NetworkError
2026-04-14 06:18:17.771: [INFO][SyncSchedulerImpl::DoNudgeSyncCycleJob] Syncer error: Network error (ERR_NAME_NOT_RESOLVED)
2026-04-14 06:18:17.773: [WARN][Sync] NetworkError: Network error (ERR_NAME_NOT_RESOLVED)
2026-04-14 06:18:17.816: [INFO][SyncSchedulerImpl::OnSyncNetworkError] Syncer error: Network error (ERR_NAME_NOT_RESOLVED)
2026-04-14 06:18:17.816: [INFO][Commit::ReportFullCommitFailure] Commit Sessions, History failed with error: NetworkError
2026-04-14 06:18:17.816: [INFO][SyncSchedulerImpl::DoNudgeSyncCycleJob] Syncer error: Network error (ERR_NAME_NOT_RESOLVED)
2026-04-14 06:18:17.818: [WARN][Sync] NetworkError: Network error (ERR_NAME_NOT_RESOLVED)
2026-04-14 06:18:21.277: [INFO][SyncSchedulerImpl::OnSyncNetworkError] Syncer error: Network error (ERR_NAME_NOT_RESOLVED)
2026-04-14 06:18:21.277: [INFO][Commit::ReportFullCommitFailure] Commit Sessions, History failed with error: NetworkError
2026-04-14 06:18:21.277: [INFO][SyncSchedulerImpl::DoNudgeSyncCycleJob] Syncer error: Network error (ERR_NAME_NOT_RESOLVED)
2026-04-14 06:18:21.281: [WARN][Sync] NetworkError: Network error (ERR_NAME_NOT_RESOLVED)
2026-04-14 06:24:04.981: [INFO][Sync] Reset engine, reason: 0
2026-04-14 06:24:04.981: [INFO][Sync] Reset engine with reason: 0
2026-04-14 06:24:49.253: [INFO][Sync] Reset engine, reason: 8
2026-04-14 06:24:49.253: [INFO][Sync] Stopped: Bookmarks
2026-04-14 06:24:49.253: [INFO][Sync] Stopped: Preferences
2026-04-14 06:24:49.253: [INFO][Sync] Stopped: Passwords
2026-04-14 06:24:49.253: [INFO][Sync] Stopped: Autofill Profiles
2026-04-14 06:24:49.253: [INFO][Sync] Stopped: Autofill
2026-04-14 06:24:49.253: [INFO][Sync] Stopped: Extensions
2026-04-14 06:24:49.253: [INFO][Sync] Stopped: Sessions
2026-04-14 06:24:49.253: [INFO][Sync] Stopped: Extension settings
2026-04-14 06:24:49.253: [INFO][Sync] Stopped: History Delete Directives
2026-04-14 06:24:49.253: [INFO][Sync] Stopped: Device Info
2026-04-14 06:24:49.253: [INFO][Sync] Stopped: User Consents
2026-04-14 06:24:49.253: [INFO][Sync] Stopped: Send Tab To Self
2026-04-14 06:24:49.253: [INFO][Sync] Stopped: Web Apps
2026-04-14 06:24:49.253: [INFO][Sync] Stopped: History
2026-04-14 06:24:49.253: [INFO][Sync] Stopped: Saved Tab Group
2026-04-14 06:24:49.253: [INFO][Sync] Stopped: WebAuthn Credentials
2026-04-14 06:24:49.253: [INFO][Sync] Stopped: Collection
2026-04-14 06:24:49.253: [INFO][Sync] Stopped: Edge E Drop
2026-04-14 06:24:49.253: [INFO][Sync] Stopped: Edge Hub App Usage
2026-04-14 06:24:49.253: [INFO][Sync] Stopped: Edge Wallet
2026-04-14 06:24:49.253: [INFO][Sync] Stopped: Edge Workspace
2026-04-14 06:24:49.253: [INFO][Sync] SyncState after authenticated was: NotSignedIn
2026-04-14 06:24:49.450: [INFO][Sync] Reset engine, reason: 8
2026-04-14 06:24:49.451: [INFO][Sync] Stopped: Bookmarks
2026-04-14 06:24:49.451: [INFO][Sync] Stopped: Preferences
2026-04-14 06:24:49.451: [INFO][Sync] Stopped: Passwords
2026-04-14 06:24:49.451: [INFO][Sync] Stopped: Autofill Profiles
2026-04-14 06:24:49.451: [INFO][Sync] Stopped: Autofill
2026-04-14 06:24:49.451: [INFO][Sync] Stopped: Extensions
2026-04-14 06:24:49.451: [INFO][Sync] Stopped: Sessions
2026-04-14 06:24:49.451: [INFO][Sync] Stopped: Extension settings
2026-04-14 06:24:49.451: [INFO][Sync] Stopped: History Delete Directives
2026-04-14 06:24:49.451: [INFO][Sync] Stopped: Device Info
2026-04-14 06:24:49.451: [INFO][Sync] Stopped: User Consents
2026-04-14 06:24:49.451: [INFO][Sync] Stopped: Send Tab To Self
2026-04-14 06:24:49.451: [INFO][Sync] Stopped: Web Apps
2026-04-14 06:24:49.451: [INFO][Sync] Stopped: History
2026-04-14 06:24:49.451: [INFO][Sync] Stopped: Saved Tab Group
2026-04-14 06:24:49.451: [INFO][Sync] Stopped: WebAuthn Credentials
2026-04-14 06:24:49.451: [INFO][Sync] Stopped: Collection
2026-04-14 06:24:49.451: [INFO][Sync] Stopped: Edge E Drop
2026-04-14 06:24:49.451: [INFO][Sync] Stopped: Edge Hub App Usage
2026-04-14 06:24:49.451: [INFO][Sync] Stopped: Edge Wallet
2026-04-14 06:24:49.451: [INFO][Sync] Stopped: Edge Workspace
2026-04-14 06:24:53.581: [INFO][Sync] Try to start sync engine
2026-04-14 06:24:53.582: [INFO][SyncManagerImpl::NudgeForInitialDownload] Initial download nudge for Encryption Keys
2026-04-14 06:24:53.582: [INFO][SyncEngineBackend::LoadAndConnectNigoriController] Load and connect Nigori controller
2026-04-14 06:24:53.582: [INFO][SyncEngineBackend::DoInitialize] Control Types added: Encryption Keys
2026-04-14 06:24:53.582: [INFO][SyncManagerImpl::ConfigureSyncer] Types to download: Encryption Keys with reason: 3
2026-04-14 06:24:53.582: [INFO][SyncSchedulerImpl::DoConfigurationSyncCycleJob] Configure job was blocked
2026-04-14 06:24:53.611: [INFO][SyncAuthManager::SetLastAuthError] Current auth error: None
2026-04-14 06:24:53.611: [INFO][SyncAuthManager::EdgeLogTokenErrorState] Token error with: None for account type: MSA
2026-04-14 06:24:53.611: [INFO][Sync] Credentials changed for: EdgeSyncScopeNew
2026-04-14 06:24:54.267: [INFO][SyncAuthManager::SetLastAuthError] Current auth error: None
2026-04-14 06:24:54.267: [INFO][SyncAuthManager::EdgeLogTokenErrorState] Token error with: None for account type: MSA
2026-04-14 06:24:54.267: [INFO][Sync] Credentials changed for: EdgeSyncKeyDataScope
2026-04-14 06:24:54.268: [INFO][SyncEngineBackend::DoUpdateKeyDataCredentials] Update key data credentials
2026-04-14 06:24:54.268: [INFO][SyncEngineBackend::DoUpdateCredentials] Update credentials
2026-04-14 06:24:54.268: [INFO][SyncSchedulerImpl::DoConfigurationSyncCycleJob] Blocked types:  and types to download: Encryption Keys
2026-04-14 06:24:54.691: [INFO][Sync] Started DataTypeManager configuration, reason: 4
2026-04-14 06:24:54.691: [INFO][Sync] Configuring for: Bookmarks, Preferences, Passwords, Autofill Profiles, Autofill, Extensions, Sessions, Extension settings, History Delete Directives, Device Info, User Consents, Send Tab To Self, Web Apps, History, Saved Tab Group, WebAuthn Credentials, Collection, Edge E Drop, Edge Hub App Usage, Edge Wallet, Edge Workspace, Encryption Keys, reason: 4, current state: 0
2026-04-14 06:24:54.691: [WARN][Sync] Crypto error data types: Passwords, Autofill Profiles, Autofill
2026-04-14 06:24:54.694: [INFO][Sync] Configure, desired: Bookmarks, Preferences, Extensions, Sessions, Extension settings, History Delete Directives, Device Info, User Consents, Send Tab To Self, Web Apps, History, Saved Tab Group, WebAuthn Credentials, Collection, Edge E Drop, Edge Hub App Usage, Edge Wallet, Edge Workspace, Encryption Keys; Allow fail: Passwords, Autofill Profiles, Autofill
2026-04-14 06:24:54.694: [INFO][Sync] Loading: Bookmarks
2026-04-14 06:24:54.694: [INFO][Sync] Loading: Preferences
2026-04-14 06:24:54.694: [INFO][Sync] Loading: Extensions
2026-04-14 06:24:54.694: [INFO][Sync] Loading: Sessions
2026-04-14 06:24:54.694: [INFO][Sync] Loading: Extension settings
2026-04-14 06:24:54.694: [INFO][Sync] Loading: History Delete Directives
2026-04-14 06:24:54.694: [INFO][Sync] Loading: Device Info
2026-04-14 06:24:54.694: [INFO][Sync] Loading: User Consents
2026-04-14 06:24:54.694: [INFO][Sync] Loading: Send Tab To Self
2026-04-14 06:24:54.694: [INFO][Sync] Loading: Web Apps
2026-04-14 06:24:54.694: [INFO][Sync] Loading: History
2026-04-14 06:24:54.694: [INFO][Sync] Loading: Saved Tab Group
2026-04-14 06:24:54.694: [INFO][Sync] Loading: WebAuthn Credentials
2026-04-14 06:24:54.694: [INFO][Sync] Loading: Collection
2026-04-14 06:24:54.694: [INFO][Sync] Loading: Edge E Drop
2026-04-14 06:24:54.694: [INFO][Sync] Loading: Edge Hub App Usage
2026-04-14 06:24:54.694: [INFO][Sync] Loading: Edge Wallet
2026-04-14 06:24:54.694: [INFO][Sync] Loading: Edge Workspace
2026-04-14 06:24:54.699: [INFO][Sync] All data types are ready for configure.
2026-04-14 06:24:56.002: [INFO][Sync] Started DataTypeManager configuration, reason: 5
2026-04-14 06:24:56.002: [INFO][Sync] Configuring for: Bookmarks, Preferences, Passwords, Autofill Profiles, Autofill, Extensions, Sessions, Extension settings, History Delete Directives, Device Info, User Consents, Send Tab To Self, Web Apps, History, Saved Tab Group, WebAuthn Credentials, Collection, Edge E Drop, Edge Hub App Usage, Edge Wallet, Edge Workspace, Encryption Keys, reason: 5, current state: 1
2026-04-14 06:24:56.006: [INFO][SyncEngineBackend::DoStartConfiguration] Start configuration
2026-04-14 06:24:56.006: [INFO][SyncManagerImpl::NudgeForInitialDownload] Initial download nudge for Bookmarks
2026-04-14 06:24:56.006: [INFO][SyncManagerImpl::NudgeForInitialDownload] Initial download nudge for Preferences
2026-04-14 06:24:56.006: [INFO][SyncManagerImpl::NudgeForInitialDownload] Initial download nudge for Extensions
2026-04-14 06:24:56.006: [INFO][SyncManagerImpl::NudgeForInitialDownload] Initial download nudge for Sessions
2026-04-14 06:24:56.006: [INFO][SyncManagerImpl::NudgeForInitialDownload] Initial download nudge for Extension settings
2026-04-14 06:24:56.006: [INFO][SyncManagerImpl::NudgeForInitialDownload] Initial download nudge for History Delete Directives
2026-04-14 06:24:56.006: [INFO][SyncManagerImpl::NudgeForInitialDownload] Initial download nudge for Device Info
2026-04-14 06:24:56.006: [INFO][SyncManagerImpl::NudgeForInitialDownload] Initial download nudge for Send Tab To Self
2026-04-14 06:24:56.006: [INFO][SyncManagerImpl::NudgeForInitialDownload] Initial download nudge for Web Apps
2026-04-14 06:24:56.006: [INFO][SyncManagerImpl::NudgeForInitialDownload] Initial download nudge for History
2026-04-14 06:24:56.006: [INFO][SyncManagerImpl::NudgeForInitialDownload] Initial download nudge for Saved Tab Group
2026-04-14 06:24:56.006: [INFO][SyncManagerImpl::NudgeForInitialDownload] Initial download nudge for WebAuthn Credentials
2026-04-14 06:24:56.006: [INFO][SyncManagerImpl::NudgeForInitialDownload] Initial download nudge for Collection
2026-04-14 06:24:56.006: [INFO][SyncManagerImpl::NudgeForInitialDownload] Initial download nudge for Edge E Drop
2026-04-14 06:24:56.006: [INFO][SyncManagerImpl::NudgeForInitialDownload] Initial download nudge for Edge Hub App Usage
2026-04-14 06:24:56.006: [INFO][SyncManagerImpl::NudgeForInitialDownload] Initial download nudge for Edge Wallet
2026-04-14 06:24:56.006: [INFO][SyncManagerImpl::NudgeForInitialDownload] Initial download nudge for Edge Workspace
2026-04-14 06:24:56.006: [INFO][SyncManagerImpl::ConfigureSyncer] Types to download:  with reason: 4
2026-04-14 06:24:56.006: [INFO][SyncEngineBackend::DoFinishConfigureDataTypes] Failed to download types:  and succeeded types: 
2026-04-14 06:24:56.007: [INFO][Sync] ConfigurationDone, failed: , succeeded: , remaining count: 4
2026-04-14 06:24:56.007: [WARN][Sync]     Reconfigure requested while configuration ongoing.
2026-04-14 06:24:56.007: [INFO][Sync] Configuring for: Bookmarks, Preferences, Passwords, Autofill Profiles, Autofill, Extensions, Sessions, Extension settings, History Delete Directives, Device Info, User Consents, Send Tab To Self, Web Apps, History, Saved Tab Group, WebAuthn Credentials, Collection, Edge E Drop, Edge Hub App Usage, Edge Wallet, Edge Workspace, Encryption Keys, reason: 5, current state: 2
2026-04-14 06:24:56.008: [INFO][Sync] Configure, desired: Bookmarks, Preferences, Passwords, Autofill Profiles, Autofill, Extensions, Sessions, Extension settings, History Delete Directives, Device Info, User Consents, Send Tab To Self, Web Apps, History, Saved Tab Group, WebAuthn Credentials, Collection, Edge E Drop, Edge Hub App Usage, Edge Wallet, Edge Workspace, Encryption Keys; Allow fail: 
2026-04-14 06:24:56.008: [INFO][Sync] Loading: Passwords
2026-04-14 06:24:56.008: [INFO][Sync] Loading: Autofill Profiles
2026-04-14 06:24:56.008: [INFO][Sync] Loading: Autofill
2026-04-14 06:24:56.008: [INFO][Sync] All data types are ready for configure.
2026-04-14 06:24:56.008: [INFO][SyncManagerImpl::NudgeForInitialDownload] Initial download nudge for Passwords
2026-04-14 06:24:56.008: [INFO][SyncManagerImpl::NudgeForInitialDownload] Initial download nudge for Autofill Profiles
2026-04-14 06:24:56.008: [INFO][SyncManagerImpl::NudgeForInitialDownload] Initial download nudge for Autofill
2026-04-14 06:24:56.008: [INFO][SyncManagerImpl::ConfigureSyncer] Types to download:  with reason: 5
2026-04-14 06:24:56.008: [INFO][SyncEngineBackend::DoFinishConfigureDataTypes] Failed to download types:  and succeeded types: 
2026-04-14 06:24:56.008: [INFO][Sync] ConfigurationDone, failed: , succeeded: , remaining count: 4
2026-04-14 06:24:56.008: [INFO][Sync] Prepare to configure types: Preferences, Passwords, Device Info, Send Tab To Self, Edge E Drop, Encryption Keys
2026-04-14 06:24:56.008: [INFO][SyncManagerImpl::ConfigureSyncer] Types to download: Preferences, Passwords, Device Info, Send Tab To Self, Edge E Drop, Encryption Keys with reason: 5
2026-04-14 06:24:56.008: [INFO][SyncSchedulerImpl::DoConfigurationSyncCycleJob] Blocked types:  and types to download: Preferences, Passwords, Device Info, Send Tab To Self, Edge E Drop, Encryption Keys
2026-04-14 06:24:56.193: [INFO][SyncEngineBackend::DoFinishConfigureDataTypes] Failed to download types:  and succeeded types: Preferences, Passwords, Device Info, Send Tab To Self, Edge E Drop, Encryption Keys
2026-04-14 06:24:56.196: [INFO][Sync] ConfigurationDone, failed: , succeeded: Preferences, Passwords, Device Info, Send Tab To Self, Edge E Drop, Encryption Keys, remaining count: 3
2026-04-14 06:24:56.197: [INFO][Sync] Prepare to configure types: Bookmarks, Encryption Keys
2026-04-14 06:24:56.197: [INFO][SyncManagerImpl::ConfigureSyncer] Types to download: Bookmarks, Encryption Keys with reason: 5
2026-04-14 06:24:56.197: [INFO][SyncSchedulerImpl::DoConfigurationSyncCycleJob] Blocked types:  and types to download: Bookmarks, Encryption Keys
2026-04-14 06:24:56.312: [INFO][SyncEngineBackend::DoFinishConfigureDataTypes] Failed to download types:  and succeeded types: Bookmarks, Encryption Keys
2026-04-14 06:24:56.315: [INFO][Sync] ConfigurationDone, failed: , succeeded: Bookmarks, Encryption Keys, remaining count: 2
2026-04-14 06:24:56.315: [INFO][Sync] Prepare to configure types: Autofill Profiles, Autofill, Extensions, Sessions, Extension settings, History Delete Directives, Web Apps, Saved Tab Group, WebAuthn Credentials, Collection, Edge Hub App Usage, Edge Wallet, Edge Workspace, Encryption Keys
2026-04-14 06:24:56.315: [INFO][SyncManagerImpl::ConfigureSyncer] Types to download: Autofill Profiles, Autofill, Extensions, Sessions, Extension settings, History Delete Directives, Web Apps, Saved Tab Group, WebAuthn Credentials, Collection, Edge Hub App Usage, Edge Wallet, Edge Workspace, Encryption Keys with reason: 5
2026-04-14 06:24:56.316: [INFO][SyncSchedulerImpl::DoConfigurationSyncCycleJob] Blocked types:  and types to download: Autofill Profiles, Autofill, Extensions, Sessions, Extension settings, History Delete Directives, Web Apps, Saved Tab Group, WebAuthn Credentials, Collection, Edge Hub App Usage, Edge Wallet, Edge Workspace, Encryption Keys
2026-04-14 06:24:56.511: [INFO][SyncEngineBackend::DoFinishConfigureDataTypes] Failed to download types:  and succeeded types: Autofill Profiles, Autofill, Extensions, Sessions, Extension settings, History Delete Directives, Web Apps, Saved Tab Group, WebAuthn Credentials, Collection, Edge Hub App Usage, Edge Wallet, Edge Workspace, Encryption Keys
2026-04-14 06:24:56.514: [INFO][Sync] ConfigurationDone, failed: , succeeded: Autofill Profiles, Autofill, Extensions, Sessions, Extension settings, History Delete Directives, Web Apps, Saved Tab Group, WebAuthn Credentials, Collection, Edge Hub App Usage, Edge Wallet, Edge Workspace, Encryption Keys, remaining count: 1
2026-04-14 06:24:56.516: [INFO][Sync] Prepare to configure types: History, Encryption Keys
2026-04-14 06:24:56.516: [INFO][SyncManagerImpl::ConfigureSyncer] Types to download: History, Encryption Keys with reason: 5
2026-04-14 06:24:56.516: [INFO][SyncSchedulerImpl::DoConfigurationSyncCycleJob] Blocked types:  and types to download: History, Encryption Keys
2026-04-14 06:24:57.237: [INFO][SyncEngineBackend::DoFinishConfigureDataTypes] Failed to download types:  and succeeded types: History, Encryption Keys
2026-04-14 06:24:57.252: [INFO][Sync] ConfigurationDone, failed: , succeeded: History, Encryption Keys, remaining count: 0
2026-04-14 06:24:57.254: [INFO][Sync]     Configuration completed, state: 7
2026-04-14 06:24:57.254: [INFO][Sync] Configured DataTypeManager: Ok
2026-04-14 06:24:57.257: [INFO][SyncEngineBackend::DoStartSyncing] Start syncing
2026-04-14 06:32:07.228: [INFO][Sync] Reset engine, reason: 0
2026-04-14 06:32:07.228: [INFO][Sync] Reset engine with reason: 0
2026-04-15 02:30:56.700: [INFO][Sync] SyncState after authenticated was: FeatureNotRequestedNotSetup
2026-04-15 02:30:56.775: [INFO][Sync] Try to start sync engine
2026-04-15 02:30:56.775: [INFO][SyncManagerImpl::NudgeForInitialDownload] Initial download nudge for Encryption Keys
2026-04-15 02:30:56.775: [INFO][SyncEngineBackend::LoadAndConnectNigoriController] Load and connect Nigori controller
2026-04-15 02:30:56.775: [INFO][SyncEngineBackend::DoInitialize] Control Types added: Encryption Keys
2026-04-15 02:30:56.775: [INFO][SyncManagerImpl::ConfigureSyncer] Types to download: Encryption Keys with reason: 3
2026-04-15 02:30:56.775: [INFO][SyncSchedulerImpl::DoConfigurationSyncCycleJob] Configure job was blocked
2026-04-15 02:30:57.881: [INFO][SyncAuthManager::SetLastAuthError] Current auth error: None
2026-04-15 02:30:57.881: [INFO][SyncAuthManager::EdgeLogTokenErrorState] Token error with: None for account type: MSA
2026-04-15 02:30:57.881: [INFO][Sync] Credentials changed for: EdgeSyncScopeNew
2026-04-15 04:34:58.400: [INFO][Sync] Reset engine, reason: 0
2026-04-15 04:34:58.400: [INFO][Sync] Reset engine with reason: 0
